epoch,accuracy,learning_rate,loss,val_accuracy,val_loss,stage,epoch_global
0,0.3401216566562652,9.999999747378752e-05,1.7128925323486328,0.5954465866088867,1.1846327781677246,stage1,1
1,0.5445649027824402,9.999999747378752e-05,1.155667424201965,0.7472270727157593,0.8486433625221252,stage1,2
2,0.6846072673797607,9.999999747378752e-05,0.8487901091575623,0.8330414295196533,0.5968325138092041,stage1,3
3,0.7634223699569702,9.999999747378752e-05,0.7158759832382202,0.8756567239761353,0.4336133003234863,stage1,4
4,0.8124834895133972,9.999999747378752e-05,0.5779101848602295,0.8972562551498413,0.3531984388828277,stage1,5
5,0.8443533182144165,9.999999747378752e-05,0.5057123303413391,0.9071803689002992,0.3051051497459411,stage1,6
6,0.8636603951454163,9.999999747378752e-05,0.4601863622665405,0.9112668037414552,0.2768865823745727,stage1,7
7,0.8726527094841003,9.999999747378752e-05,0.4615848064422607,0.9182720184326172,0.2555361092090606,stage1,8
0,0.8807193636894226,9.999999747378752e-06,0.4171959161758423,0.9206071496009828,0.2401497513055801,stage2,9
1,0.8911663293838501,9.999999747378752e-06,0.4078733921051025,0.921774685382843,0.2359418720006942,stage2,10
2,0.8926209807395935,9.999999747378752e-06,0.3605498969554901,0.924693524837494,0.2293216586112976,stage2,11
3,0.8950013518333435,9.999999747378752e-06,0.3335200846195221,0.932282567024231,0.2235672175884246,stage2,12
4,0.9043903946876526,9.999999747378752e-06,0.3223644495010376,0.9316987991333008,0.2206369340419769,stage2,13
5,0.9049193263053894,9.999999747378752e-06,0.3125859200954437,0.935785174369812,0.2139735668897628,stage2,14
6,0.9070351719856262,9.999999747378752e-06,0.2988014817237854,0.9369527101516724,0.2112347334623336,stage2,15
7,0.9111346006393432,9.999999747378752e-06,0.2727776765823364,0.9392877817153932,0.2077083736658096,stage2,16
8,0.91483736038208,9.999999747378752e-06,0.2955454587936401,0.9404553174972534,0.2030225396156311,stage2,17
9,0.9106056690216064,9.999999747378752e-06,0.268876850605011,0.9410390853881836,0.2016142457723617,stage2,18
10,0.9188045263290404,9.999999747378752e-06,0.2635950446128845,0.9410390853881836,0.1999661028385162,stage2,19
11,0.9213171005249025,9.999999747378752e-06,0.24522066116333,0.9404553174972534,0.1979550421237945,stage2,20
12,0.919465720653534,9.999999747378752e-06,0.2469789832830429,0.9416229128837584,0.1956977844238281,stage2,21
13,0.9270034432411194,9.999999747378752e-06,0.215466633439064,0.9445417523384094,0.1908038556575775,stage2,22
14,0.9262099862098694,9.999999747378752e-06,0.2156496196985244,0.9439579844474792,0.1889204531908035,stage2,23
