epoch,accuracy,loss,val_accuracy,val_loss,stage,epoch_global
0,0.7887740135192871,0.564411997795105,0.817241370677948,0.5507075190544128,stage1,1
1,0.8028064966201782,0.5443440675735474,0.8379310369491577,0.521051824092865,stage1,2
2,0.8190546631813049,0.5254738330841064,0.817241370677948,0.514859139919281,stage1,3
3,0.8220088481903076,0.5215898156166077,0.8275862336158752,0.5009685158729553,stage1,4
4,0.8234859704971313,0.5029248595237732,0.834482729434967,0.4920903742313385,stage1,5
5,0.8308714628219604,0.4888958930969238,0.8379310369491577,0.4765752255916595,stage1,6
6,0.8220088481903076,0.4837113618850708,0.8448275923728943,0.4647587239742279,stage1,7
7,0.833087146282196,0.4651950001716614,0.8482758402824402,0.4495182037353515,stage1,8
0,0.8338257074356079,0.4280949831008911,0.8689655065536499,0.3352765440940857,stage2,9
1,0.875923216342926,0.3223111629486084,0.8999999761581421,0.289940744638443,stage2,10
2,0.8943870067596436,0.2771441638469696,0.8862069249153137,0.2642448544502258,stage2,11
3,0.90472674369812,0.2513813376426697,0.8965517282485962,0.303017646074295,stage2,12
4,0.9246676564216614,0.1987763196229934,0.9068965315818788,0.2231878638267517,stage2,13
5,0.9446085691452026,0.1656382232904434,0.9068965315818788,0.2181552201509475,stage2,14
6,0.9475627541542052,0.139862984418869,0.931034505367279,0.1916190385818481,stage2,15
7,0.9527326226234436,0.1263446062803268,0.8999999761581421,0.2310676574707031,stage2,16
8,0.9556868672370912,0.1200867816805839,0.9206896424293518,0.2051782608032226,stage2,17
9,0.9623337984085084,0.0939699038863182,0.934482753276825,0.1802113056182861,stage2,18
10,0.9660266041755676,0.0877001360058784,0.9241379499435424,0.1888578087091446,stage2,19
11,0.9652880430221558,0.0906791016459465,0.9413793087005616,0.1663370281457901,stage2,20
12,0.978581964969635,0.0708367824554443,0.917241394519806,0.194572776556015,stage2,21
13,0.9719350337982178,0.0749303847551345,0.9448275566101074,0.1584819704294204,stage2,22
14,0.9830132722854614,0.0527591854333877,0.934482753276825,0.1735783815383911,stage2,23
15,0.9859675168991088,0.0508669652044773,0.9275861978530884,0.21685591340065,stage2,24
16,0.9815362095832824,0.0458873361349105,0.9413793087005616,0.1722686439752578,stage2,25
17,0.9889217019081116,0.0321197882294654,0.9448275566101074,0.1565395891666412,stage2,26
18,0.9822747707366944,0.0383462235331535,0.9379310607910156,0.1561963558197021,stage2,27
19,0.9911373853683472,0.0290020760148763,0.951724112033844,0.1567102521657943,stage2,28
