canonical_class,sha1,kept_source_path,duplicate_source_path,duplicate_filename
Curl,16e955d126bc5b14fa39e12ea94a083364dff2e9,/content/drive/MyDrive/Papaya_Leaf_Disease_Classification/BDPapayaLeaf/Original Images/Curl/Curl(10).jpg,/content/drive/MyDrive/Papaya_Leaf_Disease_Classification/BDPapayaLeaf/Original Images/Curl/Curl(211).jpg,Curl(211).jpg
Curl,36bd0d640820b1fc46ce87f8730831f622706dbb,/content/drive/MyDrive/Papaya_Leaf_Disease_Classification/BDPapayaLeaf/Original Images/Curl/Curl(210).jpg,/content/drive/MyDrive/Papaya_Leaf_Disease_Classification/BDPapayaLeaf/Original Images/Curl/Curl(8).jpg,Curl(8).jpg
Curl,5379ea149b4e6830613748e306fe9346c09b7da9,/content/drive/MyDrive/Papaya_Leaf_Disease_Classification/BDPapayaLeaf/Original Images/Curl/Curl(238).jpg,/content/drive/MyDrive/Papaya_Leaf_Disease_Classification/BDPapayaLeaf/Original Images/Curl/Curl(5).jpg,Curl(5).jpg
Curl,86738c07c9e50041a000c8c50944305fbac12f34,/content/drive/MyDrive/Papaya_Leaf_Disease_Classification/BDPapayaLeaf/Original Images/Curl/Curl(216).jpg,/content/drive/MyDrive/Papaya_Leaf_Disease_Classification/BDPapayaLeaf/Original Images/Curl/Curl(4).jpg,Curl(4).jpg
Curl,a769087c033ac670614cba59b748d21c78fac222,/content/drive/MyDrive/Papaya_Leaf_Disease_Classification/BDPapayaLeaf/Original Images/Curl/Curl(231).jpg,/content/drive/MyDrive/Papaya_Leaf_Disease_Classification/BDPapayaLeaf/Original Images/Curl/Curl(9).jpg,Curl(9).jpg
Curl,ac18519509e14e914a38e40f7a26c548588cb332,/content/drive/MyDrive/Papaya_Leaf_Disease_Classification/BDPapayaLeaf/Original Images/Curl/Curl(2).jpg,/content/drive/MyDrive/Papaya_Leaf_Disease_Classification/BDPapayaLeaf/Original Images/Curl/Curl(214).jpg,Curl(214).jpg
Curl,b5e0594b7ecc8c8e578300fcda458aebeacb111f,/content/drive/MyDrive/Papaya_Leaf_Disease_Classification/BDPapayaLeaf/Original Images/Curl/Curl(12).jpg,/content/drive/MyDrive/Papaya_Leaf_Disease_Classification/BDPapayaLeaf/Original Images/Curl/Curl(213).jpg,Curl(213).jpg
Curl,d7dc417b07f3e2d698a6adbc9ae599fc6b8b7243,/content/drive/MyDrive/Papaya_Leaf_Disease_Classification/BDPapayaLeaf/Original Images/Curl/Curl(215).jpg,/content/drive/MyDrive/Papaya_Leaf_Disease_Classification/BDPapayaLeaf/Original Images/Curl/Curl(3).jpg,Curl(3).jpg
Healthy,0ab968eea95666601a15a2e0a8d3703c56ae93c6,/content/drive/MyDrive/Papaya_Leaf_Disease_Classification/BDPapayaLeaf/Original Images/Healthy/Healthy(24).jpg,/content/drive/MyDrive/Papaya_Leaf_Disease_Classification/BDPapayaLeaf/Original Images/Healthy/Healthy(58).jpg,Healthy(58).jpg
Healthy,17f1a85f36384e2424b9465fb027ca767a4400ef,/content/drive/MyDrive/Papaya_Leaf_Disease_Classification/BDPapayaLeaf/Original Images/Healthy/Healthy(20).jpg,/content/drive/MyDrive/Papaya_Leaf_Disease_Classification/BDPapayaLeaf/Original Images/Healthy/Healthy(54).jpg,Healthy(54).jpg
Healthy,29d366575cf93822ec5742a14db05cf5d0a34daa,/content/drive/MyDrive/Papaya_Leaf_Disease_Classification/BDPapayaLeaf/Original Images/Healthy/Healthy(40).jpg,/content/drive/MyDrive/Papaya_Leaf_Disease_Classification/BDPapayaLeaf/Original Images/Healthy/Healthy(6).jpg,Healthy(6).jpg
Healthy,2dfd087e17612fb8211c6d8c782abeafa3496728,/content/drive/MyDrive/Papaya_Leaf_Disease_Classification/BDPapayaLeaf/Original Images/Healthy/Healthy(15).jpg,/content/drive/MyDrive/Papaya_Leaf_Disease_Classification/BDPapayaLeaf/Original Images/Healthy/Healthy(49).jpg,Healthy(49).jpg
Healthy,49f37ce57b6a476bac5f406e1c47fd394b814db1,/content/drive/MyDrive/Papaya_Leaf_Disease_Classification/BDPapayaLeaf/Original Images/Healthy/Healthy(13).jpg,/content/drive/MyDrive/Papaya_Leaf_Disease_Classification/BDPapayaLeaf/Original Images/Healthy/Healthy(47).jpg,Healthy(47).jpg
Healthy,4ed8ad752aac29f729ae39921f3473b10c1da4fa,/content/drive/MyDrive/Papaya_Leaf_Disease_Classification/BDPapayaLeaf/Original Images/Healthy/Healthy(18).jpg,/content/drive/MyDrive/Papaya_Leaf_Disease_Classification/BDPapayaLeaf/Original Images/Healthy/Healthy(52).jpg,Healthy(52).jpg
Healthy,628336d97c8304c9fc59a6434276caaad3eca6b4,/content/drive/MyDrive/Papaya_Leaf_Disease_Classification/BDPapayaLeaf/Original Images/Healthy/Healthy(42).jpg,/content/drive/MyDrive/Papaya_Leaf_Disease_Classification/BDPapayaLeaf/Original Images/Healthy/Healthy(8).jpg,Healthy(8).jpg
Healthy,69012e01407a320395ab960ed5527b37fd137721,/content/drive/MyDrive/Papaya_Leaf_Disease_Classification/BDPapayaLeaf/Original Images/Healthy/Healthy(12).jpg,/content/drive/MyDrive/Papaya_Leaf_Disease_Classification/BDPapayaLeaf/Original Images/Healthy/Healthy(46).jpg,Healthy(46).jpg
Healthy,6d749d89c8f0824ddbfc801739fcd72542601a94,/content/drive/MyDrive/Papaya_Leaf_Disease_Classification/BDPapayaLeaf/Original Images/Healthy/Healthy(38).jpg,/content/drive/MyDrive/Papaya_Leaf_Disease_Classification/BDPapayaLeaf/Original Images/Healthy/Healthy(4).jpg,Healthy(4).jpg
Healthy,7c40be2671845969a21247922d871a88e4135859,/content/drive/MyDrive/Papaya_Leaf_Disease_Classification/BDPapayaLeaf/Original Images/Healthy/Healthy(11).jpg,/content/drive/MyDrive/Papaya_Leaf_Disease_Classification/BDPapayaLeaf/Original Images/Healthy/Healthy(45).jpg,Healthy(45).jpg
Healthy,81d43833b5cb86efdbbc49562e4b9e8f2d4d2442,/content/drive/MyDrive/Papaya_Leaf_Disease_Classification/BDPapayaLeaf/Original Images/Healthy/Healthy(28).jpg,/content/drive/MyDrive/Papaya_Leaf_Disease_Classification/BDPapayaLeaf/Original Images/Healthy/Healthy(62).jpg,Healthy(62).jpg
Healthy,8294ca6362afe9f6361c84bf6f7a6702a8a33b0c,/content/drive/MyDrive/Papaya_Leaf_Disease_Classification/BDPapayaLeaf/Original Images/Healthy/Healthy(14).jpg,/content/drive/MyDrive/Papaya_Leaf_Disease_Classification/BDPapayaLeaf/Original Images/Healthy/Healthy(48).jpg,Healthy(48).jpg
Healthy,8c0096a2498c4df7615e6c2f5fb196d40c465583,/content/drive/MyDrive/Papaya_Leaf_Disease_Classification/BDPapayaLeaf/Original Images/Healthy/Healthy(21).jpg,/content/drive/MyDrive/Papaya_Leaf_Disease_Classification/BDPapayaLeaf/Original Images/Healthy/Healthy(55).jpg,Healthy(55).jpg
Healthy,94632f3148eaa2d97746288ea3ad53a61464086e,/content/drive/MyDrive/Papaya_Leaf_Disease_Classification/BDPapayaLeaf/Original Images/Healthy/Healthy(26).jpg,/content/drive/MyDrive/Papaya_Leaf_Disease_Classification/BDPapayaLeaf/Original Images/Healthy/Healthy(60).jpg,Healthy(60).jpg
Healthy,a354645c504f059c708021ca7a44cba95b3362b2,/content/drive/MyDrive/Papaya_Leaf_Disease_Classification/BDPapayaLeaf/Original Images/Healthy/Healthy(27).jpg,/content/drive/MyDrive/Papaya_Leaf_Disease_Classification/BDPapayaLeaf/Original Images/Healthy/Healthy(61).jpg,Healthy(61).jpg
Healthy,a49d4a6cd1e3edf0b3a709c8320279e835ac389f,/content/drive/MyDrive/Papaya_Leaf_Disease_Classification/BDPapayaLeaf/Original Images/Healthy/Healthy(3).jpg,/content/drive/MyDrive/Papaya_Leaf_Disease_Classification/BDPapayaLeaf/Original Images/Healthy/Healthy(37).jpg,Healthy(37).jpg
Healthy,a56889f23c0ec42b55ae20c42f6ea06c1d524902,/content/drive/MyDrive/Papaya_Leaf_Disease_Classification/BDPapayaLeaf/Original Images/Healthy/Healthy(10).jpg,/content/drive/MyDrive/Papaya_Leaf_Disease_Classification/BDPapayaLeaf/Original Images/Healthy/Healthy(44).jpg,Healthy(44).jpg
Healthy,a79fb9e8458f23223df584d96d0a3ee359431818,/content/drive/MyDrive/Papaya_Leaf_Disease_Classification/BDPapayaLeaf/Original Images/Healthy/Healthy(25).jpg,/content/drive/MyDrive/Papaya_Leaf_Disease_Classification/BDPapayaLeaf/Original Images/Healthy/Healthy(59).jpg,Healthy(59).jpg
Healthy,b192494bdf271c17fe11b6aa79c0799795989e96,/content/drive/MyDrive/Papaya_Leaf_Disease_Classification/BDPapayaLeaf/Original Images/Healthy/Healthy(22).jpg,/content/drive/MyDrive/Papaya_Leaf_Disease_Classification/BDPapayaLeaf/Original Images/Healthy/Healthy(56).jpg,Healthy(56).jpg
Healthy,b8f0744453ff9cbb149d93827a3eff984526e628,/content/drive/MyDrive/Papaya_Leaf_Disease_Classification/BDPapayaLeaf/Original Images/Healthy/Healthy(17).jpg,/content/drive/MyDrive/Papaya_Leaf_Disease_Classification/BDPapayaLeaf/Original Images/Healthy/Healthy(51).jpg,Healthy(51).jpg
Healthy,baf6081dfa709013e7fbde7f6edd714fad5e30a2,/content/drive/MyDrive/Papaya_Leaf_Disease_Classification/BDPapayaLeaf/Original Images/Healthy/Healthy(16).jpg,/content/drive/MyDrive/Papaya_Leaf_Disease_Classification/BDPapayaLeaf/Original Images/Healthy/Healthy(50).jpg,Healthy(50).jpg
Healthy,c3da8133504dc74408947f113f113d034e58e20f,/content/drive/MyDrive/Papaya_Leaf_Disease_Classification/BDPapayaLeaf/Original Images/Healthy/Healthy(39).jpg,/content/drive/MyDrive/Papaya_Leaf_Disease_Classification/BDPapayaLeaf/Original Images/Healthy/Healthy(5).jpg,Healthy(5).jpg
Healthy,cd94eeb7de85423d8f25ad8dde3cd1e991bee6df,/content/drive/MyDrive/Papaya_Leaf_Disease_Classification/BDPapayaLeaf/Original Images/Healthy/Healthy(30).jpg,/content/drive/MyDrive/Papaya_Leaf_Disease_Classification/BDPapayaLeaf/Original Images/Healthy/Healthy(64).jpg,Healthy(64).jpg
Healthy,d4ade3b2d0e7e30156d59449faf40dd98b79515c,/content/drive/MyDrive/Papaya_Leaf_Disease_Classification/BDPapayaLeaf/Original Images/Healthy/Healthy(23).jpg,/content/drive/MyDrive/Papaya_Leaf_Disease_Classification/BDPapayaLeaf/Original Images/Healthy/Healthy(57).jpg,Healthy(57).jpg
Healthy,d7184fa41dcffa13b0ffa8e032f03fbc7c30dc57,/content/drive/MyDrive/Papaya_Leaf_Disease_Classification/BDPapayaLeaf/Original Images/Healthy/Healthy(1).jpg,/content/drive/MyDrive/Papaya_Leaf_Disease_Classification/BDPapayaLeaf/Original Images/Healthy/Healthy(35).jpg,Healthy(35).jpg
Healthy,d9412c796f28d64661ac262b97eb9e8ccdd56222,/content/drive/MyDrive/Papaya_Leaf_Disease_Classification/BDPapayaLeaf/Original Images/Healthy/Healthy(19).jpg,/content/drive/MyDrive/Papaya_Leaf_Disease_Classification/BDPapayaLeaf/Original Images/Healthy/Healthy(53).jpg,Healthy(53).jpg
Healthy,df21744c4c28062765a14256229dbb5e9e638086,/content/drive/MyDrive/Papaya_Leaf_Disease_Classification/BDPapayaLeaf/Original Images/Healthy/Healthy(43).jpg,/content/drive/MyDrive/Papaya_Leaf_Disease_Classification/BDPapayaLeaf/Original Images/Healthy/Healthy(9).jpg,Healthy(9).jpg
Healthy,ea73243094b4d1c51aa1f0c0c9c35dd8fb3b198c,/content/drive/MyDrive/Papaya_Leaf_Disease_Classification/BDPapayaLeaf/Original Images/Healthy/Healthy(29).jpg,/content/drive/MyDrive/Papaya_Leaf_Disease_Classification/BDPapayaLeaf/Original Images/Healthy/Healthy(63).jpg,Healthy(63).jpg
Healthy,ef027c192e48ea4c0784f089833ca4e703c316e2,/content/drive/MyDrive/Papaya_Leaf_Disease_Classification/BDPapayaLeaf/Original Images/Healthy/Healthy(2).jpg,/content/drive/MyDrive/Papaya_Leaf_Disease_Classification/BDPapayaLeaf/Original Images/Healthy/Healthy(36).jpg,Healthy(36).jpg
Healthy,f2963d8f975ac3cf4817e843bb408d4cdf260d85,/content/drive/MyDrive/Papaya_Leaf_Disease_Classification/BDPapayaLeaf/Original Images/Healthy/Healthy(31).jpg,/content/drive/MyDrive/Papaya_Leaf_Disease_Classification/BDPapayaLeaf/Original Images/Healthy/Healthy(65).jpg,Healthy(65).jpg
Healthy,fb3d57d8d25a4582abb4494d8f8adfce51fddc27,/content/drive/MyDrive/Papaya_Leaf_Disease_Classification/BDPapayaLeaf/Original Images/Healthy/Healthy(41).jpg,/content/drive/MyDrive/Papaya_Leaf_Disease_Classification/BDPapayaLeaf/Original Images/Healthy/Healthy(7).jpg,Healthy(7).jpg
RingSpot,111981124219fe1f34f1c6c5f194ed5ccc4541b8,/content/drive/MyDrive/Papaya_Leaf_Disease_Classification/BDPapayaLeaf/Original Images/RingSpot/RingSpot(507).jpg,/content/drive/MyDrive/Papaya_Leaf_Disease_Classification/BDPapayaLeaf/Original Images/RingSpot/RingSpot(508).jpg,RingSpot(508).jpg
RingSpot,113eba2fb056b7701232afeeb3f95dba21872ef2,/content/drive/MyDrive/Papaya_Leaf_Disease_Classification/BDPapayaLeaf/Original Images/RingSpot/RingSpot(480).jpg,/content/drive/MyDrive/Papaya_Leaf_Disease_Classification/BDPapayaLeaf/Original Images/RingSpot/RingSpot(481).jpg,RingSpot(481).jpg
RingSpot,1274ceb3556aa8250cb24996bb3618a28b81d9da,/content/drive/MyDrive/Papaya_Leaf_Disease_Classification/BDPapayaLeaf/Original Images/RingSpot/RingSpot(522).jpg,/content/drive/MyDrive/Papaya_Leaf_Disease_Classification/BDPapayaLeaf/Original Images/RingSpot/RingSpot(523).jpg,RingSpot(523).jpg
RingSpot,1e391e714a20eb5c0dc12fb75a75efe6cf48845d,/content/drive/MyDrive/Papaya_Leaf_Disease_Classification/BDPapayaLeaf/Original Images/RingSpot/RingSpot(494).jpg,/content/drive/MyDrive/Papaya_Leaf_Disease_Classification/BDPapayaLeaf/Original Images/RingSpot/RingSpot(495).jpg,RingSpot(495).jpg
RingSpot,23f651719b54262fdbeec9f7c2f59ca6ece90946,/content/drive/MyDrive/Papaya_Leaf_Disease_Classification/BDPapayaLeaf/Original Images/RingSpot/RingSpot(442).jpg,/content/drive/MyDrive/Papaya_Leaf_Disease_Classification/BDPapayaLeaf/Original Images/RingSpot/RingSpot(443).jpg,RingSpot(443).jpg
RingSpot,269497d35d557f76b10f99b9ada2a87b7c52afa7,/content/drive/MyDrive/Papaya_Leaf_Disease_Classification/BDPapayaLeaf/Original Images/RingSpot/RingSpot(524).jpg,/content/drive/MyDrive/Papaya_Leaf_Disease_Classification/BDPapayaLeaf/Original Images/RingSpot/RingSpot(525).jpg,RingSpot(525).jpg
RingSpot,3670515aa69f68c5ece0a8b270312b4ec8564edd,/content/drive/MyDrive/Papaya_Leaf_Disease_Classification/BDPapayaLeaf/Original Images/RingSpot/RingSpot(469).jpg,/content/drive/MyDrive/Papaya_Leaf_Disease_Classification/BDPapayaLeaf/Original Images/RingSpot/RingSpot(470).jpg,RingSpot(470).jpg
RingSpot,459da1156535440e0dad59d335fa2a8e84d25186,/content/drive/MyDrive/Papaya_Leaf_Disease_Classification/BDPapayaLeaf/Original Images/RingSpot/RingSpot(461).jpg,/content/drive/MyDrive/Papaya_Leaf_Disease_Classification/BDPapayaLeaf/Original Images/RingSpot/RingSpot(462).jpg,RingSpot(462).jpg
RingSpot,479b8c003700aef9ee143b17e3c3d378bf19801c,/content/drive/MyDrive/Papaya_Leaf_Disease_Classification/BDPapayaLeaf/Original Images/RingSpot/RingSpot(516).jpg,/content/drive/MyDrive/Papaya_Leaf_Disease_Classification/BDPapayaLeaf/Original Images/RingSpot/RingSpot(517).jpg,RingSpot(517).jpg
RingSpot,5214b7b72bb529ee033922bb2f463bc724756279,/content/drive/MyDrive/Papaya_Leaf_Disease_Classification/BDPapayaLeaf/Original Images/RingSpot/RingSpot(532).jpg,/content/drive/MyDrive/Papaya_Leaf_Disease_Classification/BDPapayaLeaf/Original Images/RingSpot/RingSpot(533).jpg,RingSpot(533).jpg
RingSpot,56d1734ad097b465c5fff3070634235210d27b6f,/content/drive/MyDrive/Papaya_Leaf_Disease_Classification/BDPapayaLeaf/Original Images/RingSpot/RingSpot(450).jpg,/content/drive/MyDrive/Papaya_Leaf_Disease_Classification/BDPapayaLeaf/Original Images/RingSpot/RingSpot(451).jpg,RingSpot(451).jpg
RingSpot,586e2e0b6211825a0291ad510b6dc6db38184384,/content/drive/MyDrive/Papaya_Leaf_Disease_Classification/BDPapayaLeaf/Original Images/RingSpot/RingSpot(488).jpg,/content/drive/MyDrive/Papaya_Leaf_Disease_Classification/BDPapayaLeaf/Original Images/RingSpot/RingSpot(489).jpg,RingSpot(489).jpg
RingSpot,6289b8b0025e4efd5210032b379b2c73dfc8c702,/content/drive/MyDrive/Papaya_Leaf_Disease_Classification/BDPapayaLeaf/Original Images/RingSpot/RingSpot(530).jpg,/content/drive/MyDrive/Papaya_Leaf_Disease_Classification/BDPapayaLeaf/Original Images/RingSpot/RingSpot(531).jpg,RingSpot(531).jpg
RingSpot,6a497f63854e90265daefe655dbffb078160512e,/content/drive/MyDrive/Papaya_Leaf_Disease_Classification/BDPapayaLeaf/Original Images/RingSpot/RingSpot(333).jpg,/content/drive/MyDrive/Papaya_Leaf_Disease_Classification/BDPapayaLeaf/Original Images/RingSpot/RingSpot(334).jpg,RingSpot(334).jpg
RingSpot,6f08a65ae666f43e2a78b2ec3c52beb903c71de9,/content/drive/MyDrive/Papaya_Leaf_Disease_Classification/BDPapayaLeaf/Original Images/RingSpot/RingSpot(484).jpg,/content/drive/MyDrive/Papaya_Leaf_Disease_Classification/BDPapayaLeaf/Original Images/RingSpot/RingSpot(485).jpg,RingSpot(485).jpg
RingSpot,73c78a42d4380ad7e58a0316d82ce5f25e289a9c,/content/drive/MyDrive/Papaya_Leaf_Disease_Classification/BDPapayaLeaf/Original Images/RingSpot/RingSpot(452).jpg,/content/drive/MyDrive/Papaya_Leaf_Disease_Classification/BDPapayaLeaf/Original Images/RingSpot/RingSpot(453).jpg,RingSpot(453).jpg
RingSpot,7f4da56f64527821311bef023556e9bc8d26a150,/content/drive/MyDrive/Papaya_Leaf_Disease_Classification/BDPapayaLeaf/Original Images/RingSpot/RingSpot(446).jpg,/content/drive/MyDrive/Papaya_Leaf_Disease_Classification/BDPapayaLeaf/Original Images/RingSpot/RingSpot(447).jpg,RingSpot(447).jpg
RingSpot,7f7a9cce85859a74d726e48c037eff7d81514411,/content/drive/MyDrive/Papaya_Leaf_Disease_Classification/BDPapayaLeaf/Original Images/RingSpot/RingSpot(478).jpg,/content/drive/MyDrive/Papaya_Leaf_Disease_Classification/BDPapayaLeaf/Original Images/RingSpot/RingSpot(479).jpg,RingSpot(479).jpg
RingSpot,824e64f6ecafe14e00808b231b285bf149f37239,/content/drive/MyDrive/Papaya_Leaf_Disease_Classification/BDPapayaLeaf/Original Images/RingSpot/RingSpot(482).jpg,/content/drive/MyDrive/Papaya_Leaf_Disease_Classification/BDPapayaLeaf/Original Images/RingSpot/RingSpot(483).jpg,RingSpot(483).jpg
RingSpot,83c3df0cb9ee7267b598b8b4064ecf71c2a10ec6,/content/drive/MyDrive/Papaya_Leaf_Disease_Classification/BDPapayaLeaf/Original Images/RingSpot/RingSpot(518).jpg,/content/drive/MyDrive/Papaya_Leaf_Disease_Classification/BDPapayaLeaf/Original Images/RingSpot/RingSpot(519).jpg,RingSpot(519).jpg
RingSpot,8792865e20418e7cd757cc213d0bde8625eb1e01,/content/drive/MyDrive/Papaya_Leaf_Disease_Classification/BDPapayaLeaf/Original Images/RingSpot/RingSpot(513).jpg,/content/drive/MyDrive/Papaya_Leaf_Disease_Classification/BDPapayaLeaf/Original Images/RingSpot/RingSpot(514).jpg,RingSpot(514).jpg
RingSpot,87e9fa362cf37995b918be0e44402228b69007e0,/content/drive/MyDrive/Papaya_Leaf_Disease_Classification/BDPapayaLeaf/Original Images/RingSpot/RingSpot(486).jpg,/content/drive/MyDrive/Papaya_Leaf_Disease_Classification/BDPapayaLeaf/Original Images/RingSpot/RingSpot(487).jpg,RingSpot(487).jpg
RingSpot,92d2526d3b223249d3690928e53a37971f3298f0,/content/drive/MyDrive/Papaya_Leaf_Disease_Classification/BDPapayaLeaf/Original Images/RingSpot/RingSpot(463).jpg,/content/drive/MyDrive/Papaya_Leaf_Disease_Classification/BDPapayaLeaf/Original Images/RingSpot/RingSpot(464).jpg,RingSpot(464).jpg
RingSpot,9503372b324c430ca0e64de568b51b0850d47fa7,/content/drive/MyDrive/Papaya_Leaf_Disease_Classification/BDPapayaLeaf/Original Images/RingSpot/RingSpot(499).jpg,/content/drive/MyDrive/Papaya_Leaf_Disease_Classification/BDPapayaLeaf/Original Images/RingSpot/RingSpot(500).jpg,RingSpot(500).jpg
RingSpot,95b3b5c48c2b702fef1e01db1010915954f3fbd8,/content/drive/MyDrive/Papaya_Leaf_Disease_Classification/BDPapayaLeaf/Original Images/RingSpot/RingSpot(501).jpg,/content/drive/MyDrive/Papaya_Leaf_Disease_Classification/BDPapayaLeaf/Original Images/RingSpot/RingSpot(502).jpg,RingSpot(502).jpg
RingSpot,98ceb3408ee039fa3927123e87cbeb0a44d3751b,/content/drive/MyDrive/Papaya_Leaf_Disease_Classification/BDPapayaLeaf/Original Images/RingSpot/RingSpot(526).jpg,/content/drive/MyDrive/Papaya_Leaf_Disease_Classification/BDPapayaLeaf/Original Images/RingSpot/RingSpot(527).jpg,RingSpot(527).jpg
RingSpot,99aaff7bd5ca024861a1ef99ee064ae12b371742,/content/drive/MyDrive/Papaya_Leaf_Disease_Classification/BDPapayaLeaf/Original Images/RingSpot/RingSpot(473).jpg,/content/drive/MyDrive/Papaya_Leaf_Disease_Classification/BDPapayaLeaf/Original Images/RingSpot/RingSpot(474).jpg,RingSpot(474).jpg
RingSpot,9afa8a4ac210357d67e752e180d1e0193984e113,/content/drive/MyDrive/Papaya_Leaf_Disease_Classification/BDPapayaLeaf/Original Images/RingSpot/RingSpot(505).jpg,/content/drive/MyDrive/Papaya_Leaf_Disease_Classification/BDPapayaLeaf/Original Images/RingSpot/RingSpot(506).jpg,RingSpot(506).jpg
RingSpot,a0521bd5e39fc12cd8754118046dbf9d1fdb96cd,/content/drive/MyDrive/Papaya_Leaf_Disease_Classification/BDPapayaLeaf/Original Images/RingSpot/RingSpot(467).jpg,/content/drive/MyDrive/Papaya_Leaf_Disease_Classification/BDPapayaLeaf/Original Images/RingSpot/RingSpot(468).jpg,RingSpot(468).jpg
RingSpot,a669db3b9165ba576021333208b877afbf46de71,/content/drive/MyDrive/Papaya_Leaf_Disease_Classification/BDPapayaLeaf/Original Images/RingSpot/RingSpot(444).jpg,/content/drive/MyDrive/Papaya_Leaf_Disease_Classification/BDPapayaLeaf/Original Images/RingSpot/RingSpot(445).jpg,RingSpot(445).jpg
RingSpot,addae44ebabe34e52dc670916fb9f33e12084969,/content/drive/MyDrive/Papaya_Leaf_Disease_Classification/BDPapayaLeaf/Original Images/RingSpot/RingSpot(492).jpg,/content/drive/MyDrive/Papaya_Leaf_Disease_Classification/BDPapayaLeaf/Original Images/RingSpot/RingSpot(493).jpg,RingSpot(493).jpg
RingSpot,b86941bfe17a29cedcf39d32bdb71d199d88a567,/content/drive/MyDrive/Papaya_Leaf_Disease_Classification/BDPapayaLeaf/Original Images/RingSpot/RingSpot(459).jpg,/content/drive/MyDrive/Papaya_Leaf_Disease_Classification/BDPapayaLeaf/Original Images/RingSpot/RingSpot(460).jpg,RingSpot(460).jpg
RingSpot,d67047fd07d12a720935d071357bc7b32480b376,/content/drive/MyDrive/Papaya_Leaf_Disease_Classification/BDPapayaLeaf/Original Images/RingSpot/RingSpot(475).jpg,/content/drive/MyDrive/Papaya_Leaf_Disease_Classification/BDPapayaLeaf/Original Images/RingSpot/RingSpot(476).jpg,RingSpot(476).jpg
RingSpot,e023914d717a450cb6570706e00220a8433ac4b8,/content/drive/MyDrive/Papaya_Leaf_Disease_Classification/BDPapayaLeaf/Original Images/RingSpot/RingSpot(448).jpg,/content/drive/MyDrive/Papaya_Leaf_Disease_Classification/BDPapayaLeaf/Original Images/RingSpot/RingSpot(449).jpg,RingSpot(449).jpg
RingSpot,e2b47c601d62db01dea21a0a4d5c7d800569189e,/content/drive/MyDrive/Papaya_Leaf_Disease_Classification/BDPapayaLeaf/Original Images/RingSpot/RingSpot(511).jpg,/content/drive/MyDrive/Papaya_Leaf_Disease_Classification/BDPapayaLeaf/Original Images/RingSpot/RingSpot(512).jpg,RingSpot(512).jpg
RingSpot,f44805ff5452f6fa73acff2d8668408e132c815e,/content/drive/MyDrive/Papaya_Leaf_Disease_Classification/BDPapayaLeaf/Original Images/RingSpot/RingSpot(497).jpg,/content/drive/MyDrive/Papaya_Leaf_Disease_Classification/BDPapayaLeaf/Original Images/RingSpot/RingSpot(498).jpg,RingSpot(498).jpg
RingSpot,f5d1682d7a6af211eefbfd9f46669a50eed1c134,/content/drive/MyDrive/Papaya_Leaf_Disease_Classification/BDPapayaLeaf/Original Images/RingSpot/RingSpot(503).jpg,/content/drive/MyDrive/Papaya_Leaf_Disease_Classification/BDPapayaLeaf/Original Images/RingSpot/RingSpot(504).jpg,RingSpot(504).jpg
RingSpot,f892faaa7be94f089f72d8b18131123156e43098,/content/drive/MyDrive/Papaya_Leaf_Disease_Classification/BDPapayaLeaf/Original Images/RingSpot/RingSpot(465).jpg,/content/drive/MyDrive/Papaya_Leaf_Disease_Classification/BDPapayaLeaf/Original Images/RingSpot/RingSpot(466).jpg,RingSpot(466).jpg
RingSpot,fc264bdebceb0a7ea3535ec89f57bf8c03756bd4,/content/drive/MyDrive/Papaya_Leaf_Disease_Classification/BDPapayaLeaf/Original Images/RingSpot/RingSpot(520).jpg,/content/drive/MyDrive/Papaya_Leaf_Disease_Classification/BDPapayaLeaf/Original Images/RingSpot/RingSpot(521).jpg,RingSpot(521).jpg
