canonical_class,source_path,filename,stem_key,sha1,exclude_reasons
Curl,/content/drive/MyDrive/Papaya_Leaf_Disease_Classification/BDPapayaLeaf/Original Images/Curl/Curl(319).jpg,Curl(319).jpg,curl(319),9430c032d118f98d69381d00023042e2ad19f7cb,cross_class_sha1_conflict_kept_BacterialSpot
Curl,/content/drive/MyDrive/Papaya_Leaf_Disease_Classification/BDPapayaLeaf/Original Images/Curl/Curl(325).jpg,Curl(325).jpg,curl(325),db7764e9e599d251078175c953c46f56672667b4,cross_class_sha1_conflict_kept_BacterialSpot
Curl,/content/drive/MyDrive/Papaya_Leaf_Disease_Classification/BDPapayaLeaf/Original Images/Curl/Curl(326).jpg,Curl(326).jpg,curl(326),83c3cdff31225fa96dd3230c8298aa3d8c0a4961,cross_class_sha1_conflict_kept_BacterialSpot
Curl,/content/drive/MyDrive/Papaya_Leaf_Disease_Classification/BDPapayaLeaf/Original Images/Curl/Curl(364).jpg,Curl(364).jpg,curl(364),1fba64203e594ea98c866a52f5e53b1c73784a10,cross_class_sha1_conflict_kept_BacterialSpot
Curl,/content/drive/MyDrive/Papaya_Leaf_Disease_Classification/BDPapayaLeaf/Original Images/Curl/Curl(365).jpg,Curl(365).jpg,curl(365),99c6c5a6e1d098b1da0372fdf2d8968200f34983,cross_class_sha1_conflict_kept_BacterialSpot
Curl,/content/drive/MyDrive/Papaya_Leaf_Disease_Classification/BDPapayaLeaf/Original Images/Curl/Curl(366).jpg,Curl(366).jpg,curl(366),988c3f957e06014d884b564e45fb48c74a72f35d,cross_class_sha1_conflict_kept_BacterialSpot
Curl,/content/drive/MyDrive/Papaya_Leaf_Disease_Classification/BDPapayaLeaf/Original Images/Curl/Curl(367).jpg,Curl(367).jpg,curl(367),8657b635c73e12a47721c42e4facfb31b70a16b0,cross_class_sha1_conflict_kept_BacterialSpot
Curl,/content/drive/MyDrive/Papaya_Leaf_Disease_Classification/BDPapayaLeaf/Original Images/Curl/Curl(368).jpg,Curl(368).jpg,curl(368),bd4a7962a31c83e9c82aafe7d56859fb76a56d6b,cross_class_sha1_conflict_kept_BacterialSpot
Curl,/content/drive/MyDrive/Papaya_Leaf_Disease_Classification/BDPapayaLeaf/Original Images/Curl/Curl(369).jpg,Curl(369).jpg,curl(369),ca44665aa0372b59cb26f59897301acf102053e8,cross_class_sha1_conflict_kept_BacterialSpot
Curl,/content/drive/MyDrive/Papaya_Leaf_Disease_Classification/BDPapayaLeaf/Original Images/Curl/Curl(370).jpg,Curl(370).jpg,curl(370),332101bb839229c9d17919b564de794fe9523555,cross_class_sha1_conflict_kept_BacterialSpot
Curl,/content/drive/MyDrive/Papaya_Leaf_Disease_Classification/BDPapayaLeaf/Original Images/Curl/Curl(371).jpg,Curl(371).jpg,curl(371),098330b00e36317c99237beab4e22e5befa6eb49,cross_class_sha1_conflict_kept_BacterialSpot
Curl,/content/drive/MyDrive/Papaya_Leaf_Disease_Classification/BDPapayaLeaf/Original Images/Curl/Curl(372).jpg,Curl(372).jpg,curl(372),eddc0f8f1321fb52c44e366e1c02b24256fa5d08,cross_class_sha1_conflict_kept_BacterialSpot
Curl,/content/drive/MyDrive/Papaya_Leaf_Disease_Classification/BDPapayaLeaf/Original Images/Curl/Curl(373).jpg,Curl(373).jpg,curl(373),313c14444d0ed9e6fb796138887260f26f11cd4b,cross_class_sha1_conflict_kept_BacterialSpot
Curl,/content/drive/MyDrive/Papaya_Leaf_Disease_Classification/BDPapayaLeaf/Original Images/Curl/Curl(374).jpg,Curl(374).jpg,curl(374),e22cd59a48f4cb186360d479c65593c5ef8a6b45,cross_class_sha1_conflict_kept_BacterialSpot
Curl,/content/drive/MyDrive/Papaya_Leaf_Disease_Classification/BDPapayaLeaf/Original Images/Curl/Curl(375).jpg,Curl(375).jpg,curl(375),e1037b1bbf5e16049502b7b0cd79dfcd50641f08,cross_class_sha1_conflict_kept_BacterialSpot
Curl,/content/drive/MyDrive/Papaya_Leaf_Disease_Classification/BDPapayaLeaf/Original Images/Curl/Curl(376).jpg,Curl(376).jpg,curl(376),7750fc857bbaf8f737a28696e202cadf201eb176,cross_class_sha1_conflict_kept_BacterialSpot
Curl,/content/drive/MyDrive/Papaya_Leaf_Disease_Classification/BDPapayaLeaf/Original Images/Curl/Curl(377).jpg,Curl(377).jpg,curl(377),5665f1e701e3365794d3ad87edf9d2df81e1f22d,cross_class_sha1_conflict_kept_BacterialSpot
Curl,/content/drive/MyDrive/Papaya_Leaf_Disease_Classification/BDPapayaLeaf/Original Images/Curl/Curl(378).jpg,Curl(378).jpg,curl(378),5843d45ca3c11597f99d8d209744273d7836efe6,cross_class_sha1_conflict_kept_BacterialSpot
Curl,/content/drive/MyDrive/Papaya_Leaf_Disease_Classification/BDPapayaLeaf/Original Images/Curl/Curl(379).jpg,Curl(379).jpg,curl(379),dfd40a7ce0e67f76c41b36914a2e645a4bd03457,cross_class_sha1_conflict_kept_BacterialSpot
Curl,/content/drive/MyDrive/Papaya_Leaf_Disease_Classification/BDPapayaLeaf/Original Images/Curl/Curl(380).jpg,Curl(380).jpg,curl(380),3dc10f447f01b139c3f31c6f3d567366383a9200,cross_class_sha1_conflict_kept_BacterialSpot
Curl,/content/drive/MyDrive/Papaya_Leaf_Disease_Classification/BDPapayaLeaf/Original Images/Curl/Curl(381).jpg,Curl(381).jpg,curl(381),ffbeeff5d7586cbfddac37407f25af599ffde6f9,cross_class_sha1_conflict_kept_BacterialSpot
Curl,/content/drive/MyDrive/Papaya_Leaf_Disease_Classification/BDPapayaLeaf/Original Images/Curl/Curl(382).jpg,Curl(382).jpg,curl(382),3ad581547757916ec0ec071a772adb407b4cab37,cross_class_sha1_conflict_kept_BacterialSpot
Curl,/content/drive/MyDrive/Papaya_Leaf_Disease_Classification/BDPapayaLeaf/Original Images/Curl/Curl(383).jpg,Curl(383).jpg,curl(383),3db55512190e2659074ff9c7f3aed59dd00881dc,cross_class_sha1_conflict_kept_BacterialSpot
Curl,/content/drive/MyDrive/Papaya_Leaf_Disease_Classification/BDPapayaLeaf/Original Images/Curl/Curl(384).jpg,Curl(384).jpg,curl(384),543aac4e9ac5f802ea9777f592b374a7a90c57a7,cross_class_sha1_conflict_kept_BacterialSpot
Curl,/content/drive/MyDrive/Papaya_Leaf_Disease_Classification/BDPapayaLeaf/Original Images/Curl/Curl(385).jpg,Curl(385).jpg,curl(385),a83b401739ff1c1ffb2065b20f3bbaaa9ef68d7e,cross_class_sha1_conflict_kept_BacterialSpot
Curl,/content/drive/MyDrive/Papaya_Leaf_Disease_Classification/BDPapayaLeaf/Original Images/Curl/Curl(386).jpg,Curl(386).jpg,curl(386),df7a6c8c61162ed2d180b3d52b8ddda847c5fbd0,cross_class_sha1_conflict_kept_BacterialSpot
Curl,/content/drive/MyDrive/Papaya_Leaf_Disease_Classification/BDPapayaLeaf/Original Images/Curl/Curl(387).jpg,Curl(387).jpg,curl(387),5105cba1944522a5a2c4531a980d278633bd23d3,cross_class_sha1_conflict_kept_BacterialSpot
Curl,/content/drive/MyDrive/Papaya_Leaf_Disease_Classification/BDPapayaLeaf/Original Images/Curl/Curl(388).jpg,Curl(388).jpg,curl(388),b54300f9bd04dfcd5e2ed7beb3315ed06d9c8a74,cross_class_sha1_conflict_kept_BacterialSpot
Curl,/content/drive/MyDrive/Papaya_Leaf_Disease_Classification/BDPapayaLeaf/Original Images/Curl/Curl(389).jpg,Curl(389).jpg,curl(389),1c35a39ba5251ba678c217cfe61d01564ab9bfcc,cross_class_sha1_conflict_kept_BacterialSpot
Curl,/content/drive/MyDrive/Papaya_Leaf_Disease_Classification/BDPapayaLeaf/Original Images/Curl/Curl(390).jpg,Curl(390).jpg,curl(390),da5565bc125a5999a51c94283d8b389cc468943a,cross_class_sha1_conflict_kept_BacterialSpot
Curl,/content/drive/MyDrive/Papaya_Leaf_Disease_Classification/BDPapayaLeaf/Original Images/Curl/Curl(391).jpg,Curl(391).jpg,curl(391),98387662d453a7efbf0d387bf44bc6a11dfe8fbc,cross_class_sha1_conflict_kept_BacterialSpot
Curl,/content/drive/MyDrive/Papaya_Leaf_Disease_Classification/BDPapayaLeaf/Original Images/Curl/Curl(392).jpg,Curl(392).jpg,curl(392),ab8a1b103c1b818cb3b298a89cd138003740435b,cross_class_sha1_conflict_kept_BacterialSpot
Curl,/content/drive/MyDrive/Papaya_Leaf_Disease_Classification/BDPapayaLeaf/Original Images/Curl/Curl(393).jpg,Curl(393).jpg,curl(393),368f758fa28ac8c0d3d1d724169186cdb3e7d3bf,cross_class_sha1_conflict_kept_BacterialSpot
Curl,/content/drive/MyDrive/Papaya_Leaf_Disease_Classification/BDPapayaLeaf/Original Images/Curl/Curl(394).jpg,Curl(394).jpg,curl(394),9a5402ae7fca025859eb883ea25068b66c76e793,cross_class_sha1_conflict_kept_BacterialSpot
Curl,/content/drive/MyDrive/Papaya_Leaf_Disease_Classification/BDPapayaLeaf/Original Images/Curl/Curl(395).jpg,Curl(395).jpg,curl(395),19ca69b68a4da7753ac00d698d503774585180db,cross_class_sha1_conflict_kept_BacterialSpot
Curl,/content/drive/MyDrive/Papaya_Leaf_Disease_Classification/BDPapayaLeaf/Original Images/Curl/Curl(396).jpg,Curl(396).jpg,curl(396),3ef5501b3d0ec7cfe9bbaff258a5bfe759e49fb5,cross_class_sha1_conflict_kept_BacterialSpot
Curl,/content/drive/MyDrive/Papaya_Leaf_Disease_Classification/BDPapayaLeaf/Original Images/Curl/Curl(397).jpg,Curl(397).jpg,curl(397),5b76021c81b40e5d63d667ba9e18e39303e70973,cross_class_sha1_conflict_kept_BacterialSpot
Curl,/content/drive/MyDrive/Papaya_Leaf_Disease_Classification/BDPapayaLeaf/Original Images/Curl/Curl(398).jpg,Curl(398).jpg,curl(398),076f0e693223bb59e42f44c8a637058cf806d834,cross_class_sha1_conflict_kept_BacterialSpot
Curl,/content/drive/MyDrive/Papaya_Leaf_Disease_Classification/BDPapayaLeaf/Original Images/Curl/Curl(399).jpg,Curl(399).jpg,curl(399),2aeeeeef50b1cd758c23b00dbea0581cdda3b2c6,cross_class_sha1_conflict_kept_BacterialSpot
Curl,/content/drive/MyDrive/Papaya_Leaf_Disease_Classification/BDPapayaLeaf/Original Images/Curl/Curl(400).jpg,Curl(400).jpg,curl(400),7d4ab22ec4b9687e08058427a165041ee13999f4,cross_class_sha1_conflict_kept_BacterialSpot
Curl,/content/drive/MyDrive/Papaya_Leaf_Disease_Classification/BDPapayaLeaf/Original Images/Curl/Curl(401).jpg,Curl(401).jpg,curl(401),cefa6b18c23c412623e7cb1f3e2e13143ef16cdf,cross_class_sha1_conflict_kept_BacterialSpot
Curl,/content/drive/MyDrive/Papaya_Leaf_Disease_Classification/BDPapayaLeaf/Original Images/Curl/Curl(402).jpg,Curl(402).jpg,curl(402),2b21146f6b25e1ce93e5b68c42390edd19321dd6,cross_class_sha1_conflict_kept_BacterialSpot
Curl,/content/drive/MyDrive/Papaya_Leaf_Disease_Classification/BDPapayaLeaf/Original Images/Curl/Curl(403).jpg,Curl(403).jpg,curl(403),1044f3642e891456440496514b92f47b7f7203de,cross_class_sha1_conflict_kept_BacterialSpot
Curl,/content/drive/MyDrive/Papaya_Leaf_Disease_Classification/BDPapayaLeaf/Original Images/Curl/Curl(404).jpg,Curl(404).jpg,curl(404),2374b74134d724616edd82d0abc2f7cf78519b7e,cross_class_sha1_conflict_kept_BacterialSpot
Curl,/content/drive/MyDrive/Papaya_Leaf_Disease_Classification/BDPapayaLeaf/Original Images/Curl/Curl(405).jpg,Curl(405).jpg,curl(405),147fbbb22f5e5b758f6d76230f538be69e283894,cross_class_sha1_conflict_kept_BacterialSpot
Curl,/content/drive/MyDrive/Papaya_Leaf_Disease_Classification/BDPapayaLeaf/Original Images/Curl/Curl(406).jpg,Curl(406).jpg,curl(406),a23d63aa89d78f707aa70e3982947cfb02e325bc,cross_class_sha1_conflict_kept_BacterialSpot
Curl,/content/drive/MyDrive/Papaya_Leaf_Disease_Classification/BDPapayaLeaf/Original Images/Curl/Curl(407).jpg,Curl(407).jpg,curl(407),38549d05d75c77975c9cc75a69da3cd25a81f221,cross_class_sha1_conflict_kept_BacterialSpot
Curl,/content/drive/MyDrive/Papaya_Leaf_Disease_Classification/BDPapayaLeaf/Original Images/Curl/Curl(408).jpg,Curl(408).jpg,curl(408),24701d984f4d1d1ac1695fc4b2ee7d0032419151,cross_class_sha1_conflict_kept_BacterialSpot
Curl,/content/drive/MyDrive/Papaya_Leaf_Disease_Classification/BDPapayaLeaf/Original Images/Curl/Curl(409).jpg,Curl(409).jpg,curl(409),880ea361727bbc4fadf1b035722deb69ae9123a7,cross_class_sha1_conflict_kept_BacterialSpot
Curl,/content/drive/MyDrive/Papaya_Leaf_Disease_Classification/BDPapayaLeaf/Original Images/Curl/Curl(410).jpg,Curl(410).jpg,curl(410),117811c44de358844ccffbb051a1f8c414d14dc1,cross_class_sha1_conflict_kept_BacterialSpot
Curl,/content/drive/MyDrive/Papaya_Leaf_Disease_Classification/BDPapayaLeaf/Original Images/Curl/Curl(411).jpg,Curl(411).jpg,curl(411),a03dcba146734d09d2b23170354cd4f9e4c81598,cross_class_sha1_conflict_kept_BacterialSpot
Curl,/content/drive/MyDrive/Papaya_Leaf_Disease_Classification/BDPapayaLeaf/Original Images/Curl/Curl(412).jpg,Curl(412).jpg,curl(412),ce1879e026ead84844553dacd3a5b0c62b294559,cross_class_sha1_conflict_kept_BacterialSpot
Curl,/content/drive/MyDrive/Papaya_Leaf_Disease_Classification/BDPapayaLeaf/Original Images/Curl/Curl(413).jpg,Curl(413).jpg,curl(413),4623a07471be73d001f2aa2af07f959709752bec,cross_class_sha1_conflict_kept_BacterialSpot
Curl,/content/drive/MyDrive/Papaya_Leaf_Disease_Classification/BDPapayaLeaf/Original Images/Curl/Curl(414).jpg,Curl(414).jpg,curl(414),0512befc91de4de9a13a45842e18b03090ff7f54,cross_class_sha1_conflict_kept_BacterialSpot
Curl,/content/drive/MyDrive/Papaya_Leaf_Disease_Classification/BDPapayaLeaf/Original Images/Curl/Curl(415).jpg,Curl(415).jpg,curl(415),5bd1aa996a5bdaa43238487d9c60309553b57b0c,cross_class_sha1_conflict_kept_BacterialSpot
Curl,/content/drive/MyDrive/Papaya_Leaf_Disease_Classification/BDPapayaLeaf/Original Images/Curl/Curl(416).jpg,Curl(416).jpg,curl(416),b91a2dec3c96e690c38a695c83bbb800655eb2ea,cross_class_sha1_conflict_kept_BacterialSpot
Curl,/content/drive/MyDrive/Papaya_Leaf_Disease_Classification/BDPapayaLeaf/Original Images/Curl/Curl(417).jpg,Curl(417).jpg,curl(417),a4018424e155a72c2e1e81f1deeadb92cd8b1a7e,cross_class_sha1_conflict_kept_BacterialSpot
Curl,/content/drive/MyDrive/Papaya_Leaf_Disease_Classification/BDPapayaLeaf/Original Images/Curl/Curl(418).jpg,Curl(418).jpg,curl(418),37bf0d500f4b64d0e81cfb1f54b320862ac714aa,cross_class_sha1_conflict_kept_BacterialSpot
Curl,/content/drive/MyDrive/Papaya_Leaf_Disease_Classification/BDPapayaLeaf/Original Images/Curl/Curl(419).jpg,Curl(419).jpg,curl(419),f5474b15810782489adc8e24d2a74bcd6445beb3,cross_class_sha1_conflict_kept_BacterialSpot
Curl,/content/drive/MyDrive/Papaya_Leaf_Disease_Classification/BDPapayaLeaf/Original Images/Curl/Curl(420).jpg,Curl(420).jpg,curl(420),c6ee156e77b97ca2d2fd4479f916d50c41d36ea9,cross_class_sha1_conflict_kept_BacterialSpot
Curl,/content/drive/MyDrive/Papaya_Leaf_Disease_Classification/BDPapayaLeaf/Original Images/Curl/Curl(421).jpg,Curl(421).jpg,curl(421),22af4b20fe67cd5264122ca080a8691e2f13ccbf,cross_class_sha1_conflict_kept_BacterialSpot
Curl,/content/drive/MyDrive/Papaya_Leaf_Disease_Classification/BDPapayaLeaf/Original Images/Curl/Curl(422).jpg,Curl(422).jpg,curl(422),0a0f386bad87633a74f2d145cd44c9546c9ffafa,cross_class_sha1_conflict_kept_BacterialSpot
Curl,/content/drive/MyDrive/Papaya_Leaf_Disease_Classification/BDPapayaLeaf/Original Images/Curl/Curl(423).jpg,Curl(423).jpg,curl(423),8de41d3961ebfeba2da55f896c2e555ca054e5c9,cross_class_sha1_conflict_kept_BacterialSpot
Curl,/content/drive/MyDrive/Papaya_Leaf_Disease_Classification/BDPapayaLeaf/Original Images/Curl/Curl(424).jpg,Curl(424).jpg,curl(424),efec11c7e802c68328175e87ebbf42bca17649b8,cross_class_sha1_conflict_kept_BacterialSpot
Curl,/content/drive/MyDrive/Papaya_Leaf_Disease_Classification/BDPapayaLeaf/Original Images/Curl/Curl(425).jpg,Curl(425).jpg,curl(425),324a3de8ffa9236e0432a0f81fc554aa4f30398e,cross_class_sha1_conflict_kept_BacterialSpot
Curl,/content/drive/MyDrive/Papaya_Leaf_Disease_Classification/BDPapayaLeaf/Original Images/Curl/Curl(426).jpg,Curl(426).jpg,curl(426),27790508ed63a707241307071281d74e9918c90d,cross_class_sha1_conflict_kept_BacterialSpot
Curl,/content/drive/MyDrive/Papaya_Leaf_Disease_Classification/BDPapayaLeaf/Original Images/Curl/Curl(427).jpg,Curl(427).jpg,curl(427),1094fb4153f3112460f05c0bbadb1f4fb8e3874b,cross_class_sha1_conflict_kept_BacterialSpot
Curl,/content/drive/MyDrive/Papaya_Leaf_Disease_Classification/BDPapayaLeaf/Original Images/Curl/Curl(428).jpg,Curl(428).jpg,curl(428),d3a1eb61b34da026a4fee9d2fed3f59fc4028076,cross_class_sha1_conflict_kept_BacterialSpot
Curl,/content/drive/MyDrive/Papaya_Leaf_Disease_Classification/BDPapayaLeaf/Original Images/Curl/Curl(429).jpg,Curl(429).jpg,curl(429),afcb2e1d59e96b224f2464b63827344596a868b0,cross_class_sha1_conflict_kept_BacterialSpot
Curl,/content/drive/MyDrive/Papaya_Leaf_Disease_Classification/BDPapayaLeaf/Original Images/Curl/Curl(430).jpg,Curl(430).jpg,curl(430),055fda18294ee19ac6633f6b6b3864e6433cedc0,cross_class_sha1_conflict_kept_BacterialSpot
Curl,/content/drive/MyDrive/Papaya_Leaf_Disease_Classification/BDPapayaLeaf/Original Images/Curl/Curl(431).jpg,Curl(431).jpg,curl(431),3ee2e45f49af6eced12c8c7c9386b045bb078f0e,cross_class_sha1_conflict_kept_BacterialSpot
Curl,/content/drive/MyDrive/Papaya_Leaf_Disease_Classification/BDPapayaLeaf/Original Images/Curl/Curl(432).jpg,Curl(432).jpg,curl(432),c4a0c3bdbabb2b4c18ada15a4de0c75159a3bf70,cross_class_sha1_conflict_kept_BacterialSpot
Curl,/content/drive/MyDrive/Papaya_Leaf_Disease_Classification/BDPapayaLeaf/Original Images/Curl/Curl(433).jpg,Curl(433).jpg,curl(433),1281858afc22b8e218b099a6301474d0f2f2a234,cross_class_sha1_conflict_kept_BacterialSpot
Curl,/content/drive/MyDrive/Papaya_Leaf_Disease_Classification/BDPapayaLeaf/Original Images/Curl/Curl(434).jpg,Curl(434).jpg,curl(434),488aa913ee0b9d05c45097fd5064155a56108516,cross_class_sha1_conflict_kept_BacterialSpot
Curl,/content/drive/MyDrive/Papaya_Leaf_Disease_Classification/BDPapayaLeaf/Original Images/Curl/Curl(435).jpg,Curl(435).jpg,curl(435),514a88ac0d4880f7f33c413a2bb1003384d3e1e1,cross_class_sha1_conflict_kept_BacterialSpot
Curl,/content/drive/MyDrive/Papaya_Leaf_Disease_Classification/BDPapayaLeaf/Original Images/Curl/Curl(436).jpg,Curl(436).jpg,curl(436),75f6350fba55f35f9c63a12b2fdd4aa1ad8f0b33,cross_class_sha1_conflict_kept_BacterialSpot
Curl,/content/drive/MyDrive/Papaya_Leaf_Disease_Classification/BDPapayaLeaf/Original Images/Curl/Curl(437).jpg,Curl(437).jpg,curl(437),2d442b19ddc1ff94ede64bac2bc60087ed155643,cross_class_sha1_conflict_kept_BacterialSpot
Curl,/content/drive/MyDrive/Papaya_Leaf_Disease_Classification/BDPapayaLeaf/Original Images/Curl/Curl(438).jpg,Curl(438).jpg,curl(438),fcfa89cf2a464b5b5352d9a56e6484664dceab53,cross_class_sha1_conflict_kept_BacterialSpot
Curl,/content/drive/MyDrive/Papaya_Leaf_Disease_Classification/BDPapayaLeaf/Original Images/Curl/Curl(439).jpg,Curl(439).jpg,curl(439),30f4143f06956ee15b25ba9cb9b9bc5bb69801b2,cross_class_sha1_conflict_kept_BacterialSpot
Curl,/content/drive/MyDrive/Papaya_Leaf_Disease_Classification/BDPapayaLeaf/Original Images/Curl/Curl(440).jpg,Curl(440).jpg,curl(440),34b806f8eda34c2de86d6984967de93ff338f68c,cross_class_sha1_conflict_kept_BacterialSpot
Curl,/content/drive/MyDrive/Papaya_Leaf_Disease_Classification/BDPapayaLeaf/Original Images/Curl/Curl(441).jpg,Curl(441).jpg,curl(441),e80c197b895d471c45e4e45f6703b72de019632e,cross_class_sha1_conflict_kept_BacterialSpot
Curl,/content/drive/MyDrive/Papaya_Leaf_Disease_Classification/BDPapayaLeaf/Original Images/Curl/Curl(442).jpg,Curl(442).jpg,curl(442),8461f49301816bb77e571f6f001072e662d7c6a3,cross_class_sha1_conflict_kept_BacterialSpot
Curl,/content/drive/MyDrive/Papaya_Leaf_Disease_Classification/BDPapayaLeaf/Original Images/Curl/Curl(443).jpg,Curl(443).jpg,curl(443),b8d87dd9f6e48467c6b9f64db57f7b532392a07d,cross_class_sha1_conflict_kept_BacterialSpot
Curl,/content/drive/MyDrive/Papaya_Leaf_Disease_Classification/BDPapayaLeaf/Original Images/Curl/Curl(444).jpg,Curl(444).jpg,curl(444),5f2e7760e16fe01fcf5b7e4f1cc0bd527328c6f7,cross_class_sha1_conflict_kept_BacterialSpot
Curl,/content/drive/MyDrive/Papaya_Leaf_Disease_Classification/BDPapayaLeaf/Original Images/Curl/Curl(445).jpg,Curl(445).jpg,curl(445),d45209f41b8fa139ba51acad5439710720f52c2d,cross_class_sha1_conflict_kept_BacterialSpot
Curl,/content/drive/MyDrive/Papaya_Leaf_Disease_Classification/BDPapayaLeaf/Original Images/Curl/Curl(446).jpg,Curl(446).jpg,curl(446),72aaaf39643841b73f27a54d5ce92f38a17c36ee,cross_class_sha1_conflict_kept_BacterialSpot
Curl,/content/drive/MyDrive/Papaya_Leaf_Disease_Classification/BDPapayaLeaf/Original Images/Curl/Curl(447).jpg,Curl(447).jpg,curl(447),cb9f5a1ab984d264bfd7e2c2cdce77b8e07e4f16,cross_class_sha1_conflict_kept_BacterialSpot
Curl,/content/drive/MyDrive/Papaya_Leaf_Disease_Classification/BDPapayaLeaf/Original Images/Curl/Curl(448).jpg,Curl(448).jpg,curl(448),4bab2273d2df8f393c36b17996a58c863e395b7a,cross_class_sha1_conflict_kept_BacterialSpot
Curl,/content/drive/MyDrive/Papaya_Leaf_Disease_Classification/BDPapayaLeaf/Original Images/Curl/Curl(449).jpg,Curl(449).jpg,curl(449),e880af9cda155e39705045582327d7be60f078ca,cross_class_sha1_conflict_kept_BacterialSpot
Curl,/content/drive/MyDrive/Papaya_Leaf_Disease_Classification/BDPapayaLeaf/Original Images/Curl/Curl(450).jpg,Curl(450).jpg,curl(450),66f76d5da029bbca59c3fb8c28d1da7288784399,cross_class_sha1_conflict_kept_BacterialSpot
Curl,/content/drive/MyDrive/Papaya_Leaf_Disease_Classification/BDPapayaLeaf/Original Images/Curl/Curl(451).jpg,Curl(451).jpg,curl(451),369b97f916a1714110e608c459bc47efbbc4b502,cross_class_sha1_conflict_kept_BacterialSpot
Curl,/content/drive/MyDrive/Papaya_Leaf_Disease_Classification/BDPapayaLeaf/Original Images/Curl/Curl(452).jpg,Curl(452).jpg,curl(452),cc392510c90da65f41995417a2e2781b56b9d521,cross_class_sha1_conflict_kept_BacterialSpot
Curl,/content/drive/MyDrive/Papaya_Leaf_Disease_Classification/BDPapayaLeaf/Original Images/Curl/Curl(453).jpg,Curl(453).jpg,curl(453),6feed009425da46ad9cdf1f033b23dd0a44c260a,cross_class_sha1_conflict_kept_BacterialSpot
Curl,/content/drive/MyDrive/Papaya_Leaf_Disease_Classification/BDPapayaLeaf/Original Images/Curl/Curl(454).jpg,Curl(454).jpg,curl(454),e8ff777a531f9bec56f6d480989688f6884babe5,cross_class_sha1_conflict_kept_BacterialSpot
Curl,/content/drive/MyDrive/Papaya_Leaf_Disease_Classification/BDPapayaLeaf/Original Images/Curl/Curl(455).jpg,Curl(455).jpg,curl(455),4132d8e7a6cdaa80773cee4906a6d21d7b9a1793,cross_class_sha1_conflict_kept_BacterialSpot
Curl,/content/drive/MyDrive/Papaya_Leaf_Disease_Classification/BDPapayaLeaf/Original Images/Curl/Curl(456).jpg,Curl(456).jpg,curl(456),893a07e47a99206f936cb8c560c2000f884cb373,cross_class_sha1_conflict_kept_BacterialSpot
Curl,/content/drive/MyDrive/Papaya_Leaf_Disease_Classification/BDPapayaLeaf/Original Images/Curl/Curl(457).jpg,Curl(457).jpg,curl(457),2d0ce6c806c49767dbc5397b2315966510b2980c,cross_class_sha1_conflict_kept_BacterialSpot
Curl,/content/drive/MyDrive/Papaya_Leaf_Disease_Classification/BDPapayaLeaf/Original Images/Curl/Curl(458).jpg,Curl(458).jpg,curl(458),34dba181b764e20be672d962dd92f2f76adf8df9,cross_class_sha1_conflict_kept_BacterialSpot
Curl,/content/drive/MyDrive/Papaya_Leaf_Disease_Classification/BDPapayaLeaf/Original Images/Curl/Curl(459).jpg,Curl(459).jpg,curl(459),41c7ad828d6744cd66477beb30be606c54ad98c0,cross_class_sha1_conflict_kept_BacterialSpot
Curl,/content/drive/MyDrive/Papaya_Leaf_Disease_Classification/BDPapayaLeaf/Original Images/Curl/Curl(460).jpg,Curl(460).jpg,curl(460),43a980bba678a5c27a37660d153aaf14216ec207,cross_class_sha1_conflict_kept_BacterialSpot
Curl,/content/drive/MyDrive/Papaya_Leaf_Disease_Classification/BDPapayaLeaf/Original Images/Curl/Curl(461).jpg,Curl(461).jpg,curl(461),44830bb20608dd87218bff9f05f72e6d87aa64c9,cross_class_sha1_conflict_kept_BacterialSpot
Curl,/content/drive/MyDrive/Papaya_Leaf_Disease_Classification/BDPapayaLeaf/Original Images/Curl/Curl(462).jpg,Curl(462).jpg,curl(462),9ef1c86dc5297a525b17b67c001315c4b9431f16,cross_class_sha1_conflict_kept_BacterialSpot
Curl,/content/drive/MyDrive/Papaya_Leaf_Disease_Classification/BDPapayaLeaf/Original Images/Curl/Curl(463).jpg,Curl(463).jpg,curl(463),f77fd2c408c65ac41b490c2d71e30503aaae19b3,cross_class_sha1_conflict_kept_BacterialSpot
Curl,/content/drive/MyDrive/Papaya_Leaf_Disease_Classification/BDPapayaLeaf/Original Images/Curl/Curl(464).jpg,Curl(464).jpg,curl(464),0b9f7a8046b0e5944a846bc3faf59bb6da22b0be,cross_class_sha1_conflict_kept_BacterialSpot
Curl,/content/drive/MyDrive/Papaya_Leaf_Disease_Classification/BDPapayaLeaf/Original Images/Curl/Curl(465).jpg,Curl(465).jpg,curl(465),779312211606e6d82bcbeda8c1626938179b386c,cross_class_sha1_conflict_kept_BacterialSpot
Curl,/content/drive/MyDrive/Papaya_Leaf_Disease_Classification/BDPapayaLeaf/Original Images/Curl/Curl(466).jpg,Curl(466).jpg,curl(466),16a73d11a003e403267df25ace544d9372394c1c,cross_class_sha1_conflict_kept_BacterialSpot
Curl,/content/drive/MyDrive/Papaya_Leaf_Disease_Classification/BDPapayaLeaf/Original Images/Curl/Curl(467).jpg,Curl(467).jpg,curl(467),6e86fda8a49613fc8a726d0b68bd41953b57a6cb,cross_class_sha1_conflict_kept_BacterialSpot
Curl,/content/drive/MyDrive/Papaya_Leaf_Disease_Classification/BDPapayaLeaf/Original Images/Curl/Curl(468).jpg,Curl(468).jpg,curl(468),816c772e3da989c2ee1cdaa7db1fbaa32d83c3cc,cross_class_sha1_conflict_kept_BacterialSpot
Curl,/content/drive/MyDrive/Papaya_Leaf_Disease_Classification/BDPapayaLeaf/Original Images/Curl/Curl(469).jpg,Curl(469).jpg,curl(469),feb044ce8c0741a6dbfd74a8bc062ca562866b94,cross_class_sha1_conflict_kept_BacterialSpot
Curl,/content/drive/MyDrive/Papaya_Leaf_Disease_Classification/BDPapayaLeaf/Original Images/Curl/Curl(470).jpg,Curl(470).jpg,curl(470),0656f1c6deb319907c07a3a29d7f8d47ff18af09,cross_class_sha1_conflict_kept_BacterialSpot
Curl,/content/drive/MyDrive/Papaya_Leaf_Disease_Classification/BDPapayaLeaf/Original Images/Curl/Curl(471).jpg,Curl(471).jpg,curl(471),2a466a877b7ba43a6352bf05e230733099f4c954,cross_class_sha1_conflict_kept_BacterialSpot
Curl,/content/drive/MyDrive/Papaya_Leaf_Disease_Classification/BDPapayaLeaf/Original Images/Curl/Curl(472).jpg,Curl(472).jpg,curl(472),88eba08697f7552ff9e709160e490f389662a2cd,cross_class_sha1_conflict_kept_BacterialSpot
Curl,/content/drive/MyDrive/Papaya_Leaf_Disease_Classification/BDPapayaLeaf/Original Images/Curl/Curl(473).jpg,Curl(473).jpg,curl(473),e075d4d5eb6f7e9e8f46e9de3610f367f6514aac,cross_class_sha1_conflict_kept_BacterialSpot
Curl,/content/drive/MyDrive/Papaya_Leaf_Disease_Classification/BDPapayaLeaf/Original Images/Curl/Curl(474).jpg,Curl(474).jpg,curl(474),4b209003df6f81dc79938c6f89e030ad17704de4,cross_class_sha1_conflict_kept_BacterialSpot
Curl,/content/drive/MyDrive/Papaya_Leaf_Disease_Classification/BDPapayaLeaf/Original Images/Curl/Curl(475).jpg,Curl(475).jpg,curl(475),0f30ea043225686565b70f16a819ee457c7a5dee,cross_class_sha1_conflict_kept_BacterialSpot
Curl,/content/drive/MyDrive/Papaya_Leaf_Disease_Classification/BDPapayaLeaf/Original Images/Curl/Curl(476).jpg,Curl(476).jpg,curl(476),e4751e07772d8405f735621f9e29a6d59a6255a0,cross_class_sha1_conflict_kept_BacterialSpot
Curl,/content/drive/MyDrive/Papaya_Leaf_Disease_Classification/BDPapayaLeaf/Original Images/Curl/Curl(477).jpg,Curl(477).jpg,curl(477),1eef794763f8498c20b2b7d6b5d84652e2c09897,cross_class_sha1_conflict_kept_BacterialSpot
Curl,/content/drive/MyDrive/Papaya_Leaf_Disease_Classification/BDPapayaLeaf/Original Images/Curl/Curl(478).jpg,Curl(478).jpg,curl(478),2273b4d091bd837f0092908e2487e849b9eab614,cross_class_sha1_conflict_kept_BacterialSpot
Curl,/content/drive/MyDrive/Papaya_Leaf_Disease_Classification/BDPapayaLeaf/Original Images/Curl/Curl(479).jpg,Curl(479).jpg,curl(479),4567adf88aa50d0fc2ec0430c3f68e2d35a4f830,cross_class_sha1_conflict_kept_BacterialSpot
Curl,/content/drive/MyDrive/Papaya_Leaf_Disease_Classification/BDPapayaLeaf/Original Images/Curl/Curl(480).jpg,Curl(480).jpg,curl(480),ba6b4beec22336e71c6e1631270a222c32d267eb,cross_class_sha1_conflict_kept_BacterialSpot
Curl,/content/drive/MyDrive/Papaya_Leaf_Disease_Classification/BDPapayaLeaf/Original Images/Curl/Curl(481).jpg,Curl(481).jpg,curl(481),0f4fc1c4e81cbbc4ef41172432831323ff44d653,cross_class_sha1_conflict_kept_BacterialSpot
Curl,/content/drive/MyDrive/Papaya_Leaf_Disease_Classification/BDPapayaLeaf/Original Images/Curl/Curl(482).jpg,Curl(482).jpg,curl(482),50aa7aa2bed30a680a6a3efd79afd87e3008d180,cross_class_sha1_conflict_kept_BacterialSpot
Curl,/content/drive/MyDrive/Papaya_Leaf_Disease_Classification/BDPapayaLeaf/Original Images/Curl/Curl(483).jpg,Curl(483).jpg,curl(483),4fe5fe1e6669859ae14e1642ac67659cdc7f705a,cross_class_sha1_conflict_kept_BacterialSpot
Curl,/content/drive/MyDrive/Papaya_Leaf_Disease_Classification/BDPapayaLeaf/Original Images/Curl/Curl(484).jpg,Curl(484).jpg,curl(484),d72be1aee5c03ea8eb2d9bd5bdf98e1ea2718188,cross_class_sha1_conflict_kept_BacterialSpot
Curl,/content/drive/MyDrive/Papaya_Leaf_Disease_Classification/BDPapayaLeaf/Original Images/Curl/Curl(485).jpg,Curl(485).jpg,curl(485),c494dcda1e7c81f044ff54f1391e364742f5322b,cross_class_sha1_conflict_kept_BacterialSpot
Curl,/content/drive/MyDrive/Papaya_Leaf_Disease_Classification/BDPapayaLeaf/Original Images/Curl/Curl(486).jpg,Curl(486).jpg,curl(486),48d5e4f99ae4dda113c25dc909dbbefcf793a9b2,cross_class_sha1_conflict_kept_BacterialSpot
Curl,/content/drive/MyDrive/Papaya_Leaf_Disease_Classification/BDPapayaLeaf/Original Images/Curl/Curl(487).jpg,Curl(487).jpg,curl(487),6e511429336114a30a1111e10a9cab6a2269e3d1,cross_class_sha1_conflict_kept_BacterialSpot
Curl,/content/drive/MyDrive/Papaya_Leaf_Disease_Classification/BDPapayaLeaf/Original Images/Curl/Curl(488).jpg,Curl(488).jpg,curl(488),640dd83a5ae26dbbfe500b826bb3ccf2e0785f75,cross_class_sha1_conflict_kept_BacterialSpot
Curl,/content/drive/MyDrive/Papaya_Leaf_Disease_Classification/BDPapayaLeaf/Original Images/Curl/Curl(489).jpg,Curl(489).jpg,curl(489),e7400f3b929d9cc9804b75da06e07b77c579a32c,cross_class_sha1_conflict_kept_BacterialSpot
Curl,/content/drive/MyDrive/Papaya_Leaf_Disease_Classification/BDPapayaLeaf/Original Images/Curl/Curl(490).jpg,Curl(490).jpg,curl(490),21a8c1c6f1993e701dafb91effa3327b897deb36,cross_class_sha1_conflict_kept_BacterialSpot
Curl,/content/drive/MyDrive/Papaya_Leaf_Disease_Classification/BDPapayaLeaf/Original Images/Curl/Curl(491).jpg,Curl(491).jpg,curl(491),59db11f866578aa6cb49e5dccfcd89382fc3b094,cross_class_sha1_conflict_kept_BacterialSpot
Curl,/content/drive/MyDrive/Papaya_Leaf_Disease_Classification/BDPapayaLeaf/Original Images/Curl/Curl(492).jpg,Curl(492).jpg,curl(492),30a2f8c4609ca0a6632e01ea16ec7e328194a847,cross_class_sha1_conflict_kept_BacterialSpot
Curl,/content/drive/MyDrive/Papaya_Leaf_Disease_Classification/BDPapayaLeaf/Original Images/Curl/Curl(493).jpg,Curl(493).jpg,curl(493),da512a19f60ff04a7edb92d379d9f3fec01c1e40,cross_class_sha1_conflict_kept_BacterialSpot
Curl,/content/drive/MyDrive/Papaya_Leaf_Disease_Classification/BDPapayaLeaf/Original Images/Curl/Curl(494).jpg,Curl(494).jpg,curl(494),c6fa07916f476bbe9a97646e85b8a6e9805aad9a,cross_class_sha1_conflict_kept_BacterialSpot
Curl,/content/drive/MyDrive/Papaya_Leaf_Disease_Classification/BDPapayaLeaf/Original Images/Curl/Curl(495).jpg,Curl(495).jpg,curl(495),95995b5a8bc5b1b57146fdf438a5ee33fb09715e,cross_class_sha1_conflict_kept_BacterialSpot
Curl,/content/drive/MyDrive/Papaya_Leaf_Disease_Classification/BDPapayaLeaf/Original Images/Curl/Curl(496).jpg,Curl(496).jpg,curl(496),cda8a7c6d17aa90dac8e22c8500a471ef1cf0da6,cross_class_sha1_conflict_kept_BacterialSpot
Curl,/content/drive/MyDrive/Papaya_Leaf_Disease_Classification/BDPapayaLeaf/Original Images/Curl/Curl(497).jpg,Curl(497).jpg,curl(497),479c8cdb524a4aae1eaa85a860a3487022c6502f,cross_class_sha1_conflict_kept_BacterialSpot
Curl,/content/drive/MyDrive/Papaya_Leaf_Disease_Classification/BDPapayaLeaf/Original Images/Curl/Curl(498).jpg,Curl(498).jpg,curl(498),c591edd99277f8fc5fc70f41f1bfe51d1fe1265c,cross_class_sha1_conflict_kept_BacterialSpot
Curl,/content/drive/MyDrive/Papaya_Leaf_Disease_Classification/BDPapayaLeaf/Original Images/Curl/Curl(499).jpg,Curl(499).jpg,curl(499),2defe29183dd93c2d2467ace311c1bf1db82ac6d,cross_class_sha1_conflict_kept_BacterialSpot
Curl,/content/drive/MyDrive/Papaya_Leaf_Disease_Classification/BDPapayaLeaf/Original Images/Curl/Curl(500).jpg,Curl(500).jpg,curl(500),6ad7e87385fd777ddd7c5ec47533b608b69c3143,cross_class_sha1_conflict_kept_BacterialSpot
Curl,/content/drive/MyDrive/Papaya_Leaf_Disease_Classification/BDPapayaLeaf/Original Images/Curl/Curl(501).jpg,Curl(501).jpg,curl(501),526e79eb2ac8109c30c073c06c3f4e3abc4556df,cross_class_sha1_conflict_kept_BacterialSpot
Curl,/content/drive/MyDrive/Papaya_Leaf_Disease_Classification/BDPapayaLeaf/Original Images/Curl/Curl(502).jpg,Curl(502).jpg,curl(502),fb3755726c4d962be2b2c330239357f1aaef9fba,cross_class_sha1_conflict_kept_BacterialSpot
Curl,/content/drive/MyDrive/Papaya_Leaf_Disease_Classification/BDPapayaLeaf/Original Images/Curl/Curl(503).jpg,Curl(503).jpg,curl(503),ac16568bd3640b64d428a09a9f0047501e34605d,cross_class_sha1_conflict_kept_BacterialSpot
Curl,/content/drive/MyDrive/Papaya_Leaf_Disease_Classification/BDPapayaLeaf/Original Images/Curl/Curl(504).jpg,Curl(504).jpg,curl(504),7b19148042a6d46992b35fa9b67bb6e1bed6738b,cross_class_sha1_conflict_kept_BacterialSpot
Curl,/content/drive/MyDrive/Papaya_Leaf_Disease_Classification/BDPapayaLeaf/Original Images/Curl/Curl(505).jpg,Curl(505).jpg,curl(505),0b30766c16ae3579c6505534b9f4dded8094c260,cross_class_sha1_conflict_kept_BacterialSpot
Curl,/content/drive/MyDrive/Papaya_Leaf_Disease_Classification/BDPapayaLeaf/Original Images/Curl/Curl(506).jpg,Curl(506).jpg,curl(506),ab89f1cf9f9edf9284c0b5df2b7d6976ea7dfced,cross_class_sha1_conflict_kept_BacterialSpot
Curl,/content/drive/MyDrive/Papaya_Leaf_Disease_Classification/BDPapayaLeaf/Original Images/Curl/Curl(507).jpg,Curl(507).jpg,curl(507),c1d6d9411439119d04519643ed4c240fc534249a,cross_class_sha1_conflict_kept_BacterialSpot
Curl,/content/drive/MyDrive/Papaya_Leaf_Disease_Classification/BDPapayaLeaf/Original Images/Curl/Curl(508).jpg,Curl(508).jpg,curl(508),26c4c06d1a276a40f9d3e44718899891efff12b4,cross_class_sha1_conflict_kept_BacterialSpot
Curl,/content/drive/MyDrive/Papaya_Leaf_Disease_Classification/BDPapayaLeaf/Original Images/Curl/Curl(509).jpg,Curl(509).jpg,curl(509),4dcf65afb687c514628111d6ec495b9f3526dda0,cross_class_sha1_conflict_kept_BacterialSpot
Curl,/content/drive/MyDrive/Papaya_Leaf_Disease_Classification/BDPapayaLeaf/Original Images/Curl/Curl(510).jpg,Curl(510).jpg,curl(510),6cc643061e68f826e368b6251c61cce096ac1029,cross_class_sha1_conflict_kept_BacterialSpot
Curl,/content/drive/MyDrive/Papaya_Leaf_Disease_Classification/BDPapayaLeaf/Original Images/Curl/Curl(511).jpg,Curl(511).jpg,curl(511),8323b566385db5d9320faa8269f5624b64c79b9b,cross_class_sha1_conflict_kept_BacterialSpot
Curl,/content/drive/MyDrive/Papaya_Leaf_Disease_Classification/BDPapayaLeaf/Original Images/Curl/Curl(512).jpg,Curl(512).jpg,curl(512),ba68c02ca84c6c1386cee38d5bfc491a4c4f4819,cross_class_sha1_conflict_kept_BacterialSpot
Curl,/content/drive/MyDrive/Papaya_Leaf_Disease_Classification/BDPapayaLeaf/Original Images/Curl/Curl(513).jpg,Curl(513).jpg,curl(513),8701208fd238e429a0b144e2e9e15c0d11dbc85d,cross_class_sha1_conflict_kept_BacterialSpot
Curl,/content/drive/MyDrive/Papaya_Leaf_Disease_Classification/BDPapayaLeaf/Original Images/Curl/Curl(514).jpg,Curl(514).jpg,curl(514),6bb5a11a49c49cacffd8e968cef92f81e8766554,cross_class_sha1_conflict_kept_BacterialSpot
Curl,/content/drive/MyDrive/Papaya_Leaf_Disease_Classification/BDPapayaLeaf/Original Images/Curl/Curl(515).jpg,Curl(515).jpg,curl(515),4e5c2ecd7211493ad5d2acaee10ddc3c02b0967c,cross_class_sha1_conflict_kept_BacterialSpot
Curl,/content/drive/MyDrive/Papaya_Leaf_Disease_Classification/BDPapayaLeaf/Original Images/Curl/Curl(516).jpg,Curl(516).jpg,curl(516),170076dfe567e56c82f095ae8adee8cb2fe77d6f,cross_class_sha1_conflict_kept_BacterialSpot
Curl,/content/drive/MyDrive/Papaya_Leaf_Disease_Classification/BDPapayaLeaf/Original Images/Curl/Curl(517).jpg,Curl(517).jpg,curl(517),3ad88f92eef8cfe4424008caf94a13428f0ed539,cross_class_sha1_conflict_kept_BacterialSpot
Curl,/content/drive/MyDrive/Papaya_Leaf_Disease_Classification/BDPapayaLeaf/Original Images/Curl/Curl(518).jpg,Curl(518).jpg,curl(518),379980e2d8f235e8e3d5a37fba0ac6818802cdf9,cross_class_sha1_conflict_kept_BacterialSpot
Curl,/content/drive/MyDrive/Papaya_Leaf_Disease_Classification/BDPapayaLeaf/Original Images/Curl/Curl(519).jpg,Curl(519).jpg,curl(519),23d7187dca1f01416977941e545008a54e9e7437,cross_class_sha1_conflict_kept_BacterialSpot
Curl,/content/drive/MyDrive/Papaya_Leaf_Disease_Classification/BDPapayaLeaf/Original Images/Curl/Curl(520).jpg,Curl(520).jpg,curl(520),fccb94bc14cd997c2d8b7cc74c8f82b3af20a954,cross_class_sha1_conflict_kept_BacterialSpot
Curl,/content/drive/MyDrive/Papaya_Leaf_Disease_Classification/BDPapayaLeaf/Original Images/Curl/Curl(521).jpg,Curl(521).jpg,curl(521),e2c50aafc599f63516021cb1e88488b2857c4245,cross_class_sha1_conflict_kept_BacterialSpot
Curl,/content/drive/MyDrive/Papaya_Leaf_Disease_Classification/BDPapayaLeaf/Original Images/Curl/Curl(522).jpg,Curl(522).jpg,curl(522),ce226e02c78ebcabe701a34cc8a23ae46a891795,cross_class_sha1_conflict_kept_BacterialSpot
Curl,/content/drive/MyDrive/Papaya_Leaf_Disease_Classification/BDPapayaLeaf/Original Images/Curl/Curl(523).jpg,Curl(523).jpg,curl(523),641ce00d6498a6fb208bf7a9c777a7dba8b049ac,cross_class_sha1_conflict_kept_BacterialSpot
Curl,/content/drive/MyDrive/Papaya_Leaf_Disease_Classification/BDPapayaLeaf/Original Images/Curl/Curl(524).jpg,Curl(524).jpg,curl(524),6c4d4d803ad988677cb0a03f3906435dbf06137a,cross_class_sha1_conflict_kept_BacterialSpot
Curl,/content/drive/MyDrive/Papaya_Leaf_Disease_Classification/BDPapayaLeaf/Original Images/Curl/Curl(525).jpg,Curl(525).jpg,curl(525),a7d8e5ed5b47aba55c50cffcf174b13d96f4ac12,cross_class_sha1_conflict_kept_BacterialSpot
Curl,/content/drive/MyDrive/Papaya_Leaf_Disease_Classification/BDPapayaLeaf/Original Images/Curl/Curl(526).jpg,Curl(526).jpg,curl(526),e743bcd826c34debc36299a2a4061a9f04257dcc,cross_class_sha1_conflict_kept_BacterialSpot
Curl,/content/drive/MyDrive/Papaya_Leaf_Disease_Classification/BDPapayaLeaf/Original Images/Curl/Curl(527).jpg,Curl(527).jpg,curl(527),592a45dbc1198cf2d8c579a6533aa29c6c739f97,cross_class_sha1_conflict_kept_BacterialSpot
Curl,/content/drive/MyDrive/Papaya_Leaf_Disease_Classification/BDPapayaLeaf/Original Images/Curl/Curl(528).jpg,Curl(528).jpg,curl(528),897ac742fea356040cd716661066711d020d650d,cross_class_sha1_conflict_kept_BacterialSpot
Curl,/content/drive/MyDrive/Papaya_Leaf_Disease_Classification/BDPapayaLeaf/Original Images/Curl/Curl(529).jpg,Curl(529).jpg,curl(529),c7224502e264edbba2dd4f86fa17ae534a51e3fd,cross_class_sha1_conflict_kept_BacterialSpot
Curl,/content/drive/MyDrive/Papaya_Leaf_Disease_Classification/BDPapayaLeaf/Original Images/Curl/Curl(530).jpg,Curl(530).jpg,curl(530),96b5cddbbefa7978c0965b4cc3ebab4d15f9c529,cross_class_sha1_conflict_kept_BacterialSpot
Curl,/content/drive/MyDrive/Papaya_Leaf_Disease_Classification/BDPapayaLeaf/Original Images/Curl/Curl(531).jpg,Curl(531).jpg,curl(531),dbf2a82ed554f5312f2946e6568e0f0e554fd703,cross_class_sha1_conflict_kept_BacterialSpot
Curl,/content/drive/MyDrive/Papaya_Leaf_Disease_Classification/BDPapayaLeaf/Original Images/Curl/Curl(532).jpg,Curl(532).jpg,curl(532),e1d2830950c4883f1bbbf8ce5e4f235ea473b2ab,cross_class_sha1_conflict_kept_BacterialSpot
Curl,/content/drive/MyDrive/Papaya_Leaf_Disease_Classification/BDPapayaLeaf/Original Images/Curl/Curl(533).jpg,Curl(533).jpg,curl(533),c711df5067ad53f749f8c5ea8bca5a42c1d00444,cross_class_sha1_conflict_kept_BacterialSpot
Curl,/content/drive/MyDrive/Papaya_Leaf_Disease_Classification/BDPapayaLeaf/Original Images/Curl/Curl(534).jpg,Curl(534).jpg,curl(534),5827657b9a42e953f1354e610fec68ceda900c9d,cross_class_sha1_conflict_kept_BacterialSpot
Curl,/content/drive/MyDrive/Papaya_Leaf_Disease_Classification/BDPapayaLeaf/Original Images/Curl/Curl(535).jpg,Curl(535).jpg,curl(535),da921ccfe529dd2508c31abd1cda8bbc915a12f8,cross_class_sha1_conflict_kept_BacterialSpot
Curl,/content/drive/MyDrive/Papaya_Leaf_Disease_Classification/BDPapayaLeaf/Original Images/Curl/Curl(536).jpg,Curl(536).jpg,curl(536),2ce3fc0931a6a2e598e115b1ffdd38e219c63236,cross_class_sha1_conflict_kept_BacterialSpot
Curl,/content/drive/MyDrive/Papaya_Leaf_Disease_Classification/BDPapayaLeaf/Original Images/Curl/Curl(537).jpg,Curl(537).jpg,curl(537),f78de31395cfc432c4ec74fa2c0eba53e0dcd9ba,cross_class_sha1_conflict_kept_BacterialSpot
Curl,/content/drive/MyDrive/Papaya_Leaf_Disease_Classification/BDPapayaLeaf/Original Images/Curl/Curl(538).jpg,Curl(538).jpg,curl(538),b28fb1666ec544af9706945ccd4dd47f97a78b2c,cross_class_sha1_conflict_kept_BacterialSpot
Curl,/content/drive/MyDrive/Papaya_Leaf_Disease_Classification/BDPapayaLeaf/Original Images/Curl/Curl(539).jpg,Curl(539).jpg,curl(539),3a7a9cfaa899cc8ad674c493cb92f61a3e926fee,cross_class_sha1_conflict_kept_BacterialSpot
Curl,/content/drive/MyDrive/Papaya_Leaf_Disease_Classification/BDPapayaLeaf/Original Images/Curl/Curl(540).jpg,Curl(540).jpg,curl(540),5f8d251b94e53ce59bbff450e0eed186dfc3a6f1,cross_class_sha1_conflict_kept_BacterialSpot
Curl,/content/drive/MyDrive/Papaya_Leaf_Disease_Classification/BDPapayaLeaf/Original Images/Curl/Curl(541).jpg,Curl(541).jpg,curl(541),1553d71a95f9f6d575e549e418fda2a01fb6b62e,cross_class_sha1_conflict_kept_BacterialSpot
Curl,/content/drive/MyDrive/Papaya_Leaf_Disease_Classification/BDPapayaLeaf/Original Images/Curl/Curl(542).jpg,Curl(542).jpg,curl(542),5358a5afc601bcab62f742fe01520b8dc2738e74,cross_class_sha1_conflict_kept_BacterialSpot
Curl,/content/drive/MyDrive/Papaya_Leaf_Disease_Classification/BDPapayaLeaf/Original Images/Curl/Curl(543).jpg,Curl(543).jpg,curl(543),71bbbbdb88d1cdec76430a59c73f40b77f303b4b,cross_class_sha1_conflict_kept_BacterialSpot
Curl,/content/drive/MyDrive/Papaya_Leaf_Disease_Classification/BDPapayaLeaf/Original Images/Curl/Curl(544).jpg,Curl(544).jpg,curl(544),6d25d0cb1f02020139d09e4ff08c88405526999e,cross_class_sha1_conflict_kept_BacterialSpot
Curl,/content/drive/MyDrive/Papaya_Leaf_Disease_Classification/BDPapayaLeaf/Original Images/Curl/Curl(545).jpg,Curl(545).jpg,curl(545),f6fb983cb5ae8304e688bb7226310b0eb5e4784b,cross_class_sha1_conflict_kept_BacterialSpot
Curl,/content/drive/MyDrive/Papaya_Leaf_Disease_Classification/BDPapayaLeaf/Original Images/Curl/Curl(546).jpg,Curl(546).jpg,curl(546),9c89e587d541eabf725536ad8cfad12c54ac54f2,cross_class_sha1_conflict_kept_BacterialSpot
Curl,/content/drive/MyDrive/Papaya_Leaf_Disease_Classification/BDPapayaLeaf/Original Images/Curl/Curl(547).jpg,Curl(547).jpg,curl(547),1e1a7d9fe505afedc56994af3ce06db4d09ea8dd,cross_class_sha1_conflict_kept_BacterialSpot
Curl,/content/drive/MyDrive/Papaya_Leaf_Disease_Classification/BDPapayaLeaf/Original Images/Curl/Curl(548).jpg,Curl(548).jpg,curl(548),bf3a7ffc83b80e3784ccc797197f2d83514fbcf2,cross_class_sha1_conflict_kept_BacterialSpot
Curl,/content/drive/MyDrive/Papaya_Leaf_Disease_Classification/BDPapayaLeaf/Original Images/Curl/Curl(549).jpg,Curl(549).jpg,curl(549),75260579a08546902b13176c9b1951079b7298db,cross_class_sha1_conflict_kept_BacterialSpot
Curl,/content/drive/MyDrive/Papaya_Leaf_Disease_Classification/BDPapayaLeaf/Original Images/Curl/Curl(550).jpg,Curl(550).jpg,curl(550),c10b580c52d75ff947d968b41b050695e12b97ed,cross_class_sha1_conflict_kept_BacterialSpot
Curl,/content/drive/MyDrive/Papaya_Leaf_Disease_Classification/BDPapayaLeaf/Original Images/Curl/Curl(551).jpg,Curl(551).jpg,curl(551),5d85c09ec7a9db8f7fc61f2a11ac34beb0a975b4,cross_class_sha1_conflict_kept_BacterialSpot
Curl,/content/drive/MyDrive/Papaya_Leaf_Disease_Classification/BDPapayaLeaf/Original Images/Curl/Curl(552).jpg,Curl(552).jpg,curl(552),2d1cbd6f5c267edd0ef956d6aa6728ca38f46668,cross_class_sha1_conflict_kept_BacterialSpot
Curl,/content/drive/MyDrive/Papaya_Leaf_Disease_Classification/BDPapayaLeaf/Original Images/Curl/Curl(553).jpg,Curl(553).jpg,curl(553),319c3109fe48e78b07a4e28f976844517a90fcb1,cross_class_sha1_conflict_kept_BacterialSpot
Curl,/content/drive/MyDrive/Papaya_Leaf_Disease_Classification/BDPapayaLeaf/Original Images/Curl/Curl(554).jpg,Curl(554).jpg,curl(554),0a9099bdbec5d7ecfec6715cd033ca2f18d6e336,cross_class_sha1_conflict_kept_BacterialSpot
Curl,/content/drive/MyDrive/Papaya_Leaf_Disease_Classification/BDPapayaLeaf/Original Images/Curl/Curl(555).jpg,Curl(555).jpg,curl(555),a8984d8ebb4b3551ffc2bf18381d0435c1ec2de2,cross_class_sha1_conflict_kept_BacterialSpot
Curl,/content/drive/MyDrive/Papaya_Leaf_Disease_Classification/BDPapayaLeaf/Original Images/Curl/Curl(556).jpg,Curl(556).jpg,curl(556),61f00632e1328e1c16ed66d50c24c391c94bd9c1,cross_class_sha1_conflict_kept_BacterialSpot
Curl,/content/drive/MyDrive/Papaya_Leaf_Disease_Classification/BDPapayaLeaf/Original Images/Curl/Curl(557).jpg,Curl(557).jpg,curl(557),819a96187c8b6654300b83de68a58728a0be7b43,cross_class_sha1_conflict_kept_BacterialSpot
Curl,/content/drive/MyDrive/Papaya_Leaf_Disease_Classification/BDPapayaLeaf/Original Images/Curl/Curl(558).jpg,Curl(558).jpg,curl(558),f30b85fe7f78212cdc7c7130777fa5c63f008323,cross_class_sha1_conflict_kept_BacterialSpot
Curl,/content/drive/MyDrive/Papaya_Leaf_Disease_Classification/BDPapayaLeaf/Original Images/Curl/Curl(559).jpg,Curl(559).jpg,curl(559),58be9f1a8b732208916be86e0fa252bb1c12044e,cross_class_sha1_conflict_kept_BacterialSpot
Curl,/content/drive/MyDrive/Papaya_Leaf_Disease_Classification/BDPapayaLeaf/Original Images/Curl/Curl(560).jpg,Curl(560).jpg,curl(560),382768a0ac95ba3d4395867c6ff9abb3a069f55e,cross_class_sha1_conflict_kept_BacterialSpot
Curl,/content/drive/MyDrive/Papaya_Leaf_Disease_Classification/BDPapayaLeaf/Original Images/Curl/Curl(561).jpg,Curl(561).jpg,curl(561),332af561fefcd2af4db054cd36394e1ec44f7b8a,cross_class_sha1_conflict_kept_BacterialSpot
Curl,/content/drive/MyDrive/Papaya_Leaf_Disease_Classification/BDPapayaLeaf/Original Images/Curl/Curl(562).jpg,Curl(562).jpg,curl(562),07649ca2d20c96eacfd2a25e41049fcc088bb3e9,cross_class_sha1_conflict_kept_BacterialSpot
Curl,/content/drive/MyDrive/Papaya_Leaf_Disease_Classification/BDPapayaLeaf/Original Images/Curl/Curl(563).jpg,Curl(563).jpg,curl(563),dbb6dc5c8b06764102073551a1439a710450182e,cross_class_sha1_conflict_kept_BacterialSpot
Curl,/content/drive/MyDrive/Papaya_Leaf_Disease_Classification/BDPapayaLeaf/Original Images/Curl/Curl(564).jpg,Curl(564).jpg,curl(564),00fbaf66c7c92b717090436da890ed101855a0da,cross_class_sha1_conflict_kept_BacterialSpot
Curl,/content/drive/MyDrive/Papaya_Leaf_Disease_Classification/BDPapayaLeaf/Original Images/Curl/Curl(565).jpg,Curl(565).jpg,curl(565),d726a2dd725ad997ffc04abcf9f196c6621f2a7e,cross_class_sha1_conflict_kept_BacterialSpot
Curl,/content/drive/MyDrive/Papaya_Leaf_Disease_Classification/BDPapayaLeaf/Original Images/Curl/Curl(566).jpg,Curl(566).jpg,curl(566),c18cec6608457a6fe209bab0354de7ed66bc3576,cross_class_sha1_conflict_kept_BacterialSpot
Curl,/content/drive/MyDrive/Papaya_Leaf_Disease_Classification/BDPapayaLeaf/Original Images/Curl/Curl(567).jpg,Curl(567).jpg,curl(567),3fd247cbbebe48c25a3106539c521782cf27e4c9,cross_class_sha1_conflict_kept_BacterialSpot
Curl,/content/drive/MyDrive/Papaya_Leaf_Disease_Classification/BDPapayaLeaf/Original Images/Curl/Curl(569).jpg,Curl(569).jpg,curl(569),9186fb318525156f5b86b956ffb186de024eedcd,cross_class_sha1_conflict_kept_BacterialSpot
Curl,/content/drive/MyDrive/Papaya_Leaf_Disease_Classification/BDPapayaLeaf/Original Images/Curl/Curl(570).jpg,Curl(570).jpg,curl(570),369942fd15a44377195e146d98ee98de1d817dbb,cross_class_sha1_conflict_kept_BacterialSpot
Curl,/content/drive/MyDrive/Papaya_Leaf_Disease_Classification/BDPapayaLeaf/Original Images/Curl/Curl(571).jpg,Curl(571).jpg,curl(571),41c128e838f076faee64ed8dee2b38d0752bc20b,cross_class_sha1_conflict_kept_BacterialSpot
Curl,/content/drive/MyDrive/Papaya_Leaf_Disease_Classification/BDPapayaLeaf/Original Images/Curl/Curl(572).jpg,Curl(572).jpg,curl(572),4d076ebeb1c6a926585ccafff17bf58ff39565d3,cross_class_sha1_conflict_kept_BacterialSpot
Curl,/content/drive/MyDrive/Papaya_Leaf_Disease_Classification/BDPapayaLeaf/Original Images/Curl/Curl(573).jpg,Curl(573).jpg,curl(573),76a0ed3c64ac3f628c60dc9f44f7edda03fb93b7,cross_class_sha1_conflict_kept_BacterialSpot
Curl,/content/drive/MyDrive/Papaya_Leaf_Disease_Classification/BDPapayaLeaf/Original Images/Curl/Curl(574).jpg,Curl(574).jpg,curl(574),a6894a951aa8f7eb87c45c5947a4bab00461710f,cross_class_sha1_conflict_kept_BacterialSpot
Curl,/content/drive/MyDrive/Papaya_Leaf_Disease_Classification/BDPapayaLeaf/Original Images/Curl/Curl(575).jpg,Curl(575).jpg,curl(575),578a3cde61a03aec926097f307ded59d576a2129,cross_class_sha1_conflict_kept_BacterialSpot
Curl,/content/drive/MyDrive/Papaya_Leaf_Disease_Classification/BDPapayaLeaf/Original Images/Curl/Curl(576).jpg,Curl(576).jpg,curl(576),275542937377126f5cdce591007be2796c29d64b,cross_class_sha1_conflict_kept_BacterialSpot
Curl,/content/drive/MyDrive/Papaya_Leaf_Disease_Classification/BDPapayaLeaf/Original Images/Curl/Curl(577).jpg,Curl(577).jpg,curl(577),a277530b2cdd0f466e6063386fe86f2fcc7ae577,cross_class_sha1_conflict_kept_BacterialSpot
Curl,/content/drive/MyDrive/Papaya_Leaf_Disease_Classification/BDPapayaLeaf/Original Images/Curl/Curl(578).jpg,Curl(578).jpg,curl(578),c0359df706bdd5c7d2e26abef2afa94329f6e0c5,cross_class_sha1_conflict_kept_BacterialSpot
Curl,/content/drive/MyDrive/Papaya_Leaf_Disease_Classification/BDPapayaLeaf/Original Images/Curl/Curl(579).jpg,Curl(579).jpg,curl(579),da066fccf67c8e50143da9f0613f1e3a81ab0887,cross_class_sha1_conflict_kept_BacterialSpot
Curl,/content/drive/MyDrive/Papaya_Leaf_Disease_Classification/BDPapayaLeaf/Original Images/Curl/Curl(580).jpg,Curl(580).jpg,curl(580),2752fd93afdec6e0ece253e9473ed5029f02da80,cross_class_sha1_conflict_kept_BacterialSpot
Curl,/content/drive/MyDrive/Papaya_Leaf_Disease_Classification/BDPapayaLeaf/Original Images/Curl/Curl(581).jpg,Curl(581).jpg,curl(581),79515e4a38d57fbdb98769c1b8d4ca6f13ab11e0,cross_class_sha1_conflict_kept_BacterialSpot
Curl,/content/drive/MyDrive/Papaya_Leaf_Disease_Classification/BDPapayaLeaf/Original Images/Curl/Curl(582).jpg,Curl(582).jpg,curl(582),dacb6a0bc246b0a512048ef07da5a33ccaed3c53,cross_class_sha1_conflict_kept_BacterialSpot
Curl,/content/drive/MyDrive/Papaya_Leaf_Disease_Classification/BDPapayaLeaf/Original Images/Curl/Curl(583).jpg,Curl(583).jpg,curl(583),19fa316dfa326e29c61181bddbf6cefe13868e8d,cross_class_sha1_conflict_kept_BacterialSpot
Curl,/content/drive/MyDrive/Papaya_Leaf_Disease_Classification/BDPapayaLeaf/Original Images/Curl/Curl(584).jpg,Curl(584).jpg,curl(584),01cef7bdf3f8ef6f206b7006e4c68a6b9c250b7d,cross_class_sha1_conflict_kept_BacterialSpot
Curl,/content/drive/MyDrive/Papaya_Leaf_Disease_Classification/BDPapayaLeaf/Original Images/Curl/Curl(585).jpg,Curl(585).jpg,curl(585),191f3a7eff05fbd941ab1bd2eb381dbf639229f8,cross_class_sha1_conflict_kept_BacterialSpot
