issue_type,canonical_class,source_path,detail
auto_excluded_source_image,Curl,/content/drive/MyDrive/Papaya_Leaf_Disease_Classification/BDPapayaLeaf/Original Images/Curl/Curl(319).jpg,cross_class_sha1_conflict_kept_BacterialSpot
auto_excluded_source_image,Curl,/content/drive/MyDrive/Papaya_Leaf_Disease_Classification/BDPapayaLeaf/Original Images/Curl/Curl(325).jpg,cross_class_sha1_conflict_kept_BacterialSpot
auto_excluded_source_image,Curl,/content/drive/MyDrive/Papaya_Leaf_Disease_Classification/BDPapayaLeaf/Original Images/Curl/Curl(326).jpg,cross_class_sha1_conflict_kept_BacterialSpot
auto_excluded_source_image,Curl,/content/drive/MyDrive/Papaya_Leaf_Disease_Classification/BDPapayaLeaf/Original Images/Curl/Curl(364).jpg,cross_class_sha1_conflict_kept_BacterialSpot
auto_excluded_source_image,Curl,/content/drive/MyDrive/Papaya_Leaf_Disease_Classification/BDPapayaLeaf/Original Images/Curl/Curl(365).jpg,cross_class_sha1_conflict_kept_BacterialSpot
auto_excluded_source_image,Curl,/content/drive/MyDrive/Papaya_Leaf_Disease_Classification/BDPapayaLeaf/Original Images/Curl/Curl(366).jpg,cross_class_sha1_conflict_kept_BacterialSpot
auto_excluded_source_image,Curl,/content/drive/MyDrive/Papaya_Leaf_Disease_Classification/BDPapayaLeaf/Original Images/Curl/Curl(367).jpg,cross_class_sha1_conflict_kept_BacterialSpot
auto_excluded_source_image,Curl,/content/drive/MyDrive/Papaya_Leaf_Disease_Classification/BDPapayaLeaf/Original Images/Curl/Curl(368).jpg,cross_class_sha1_conflict_kept_BacterialSpot
auto_excluded_source_image,Curl,/content/drive/MyDrive/Papaya_Leaf_Disease_Classification/BDPapayaLeaf/Original Images/Curl/Curl(369).jpg,cross_class_sha1_conflict_kept_BacterialSpot
auto_excluded_source_image,Curl,/content/drive/MyDrive/Papaya_Leaf_Disease_Classification/BDPapayaLeaf/Original Images/Curl/Curl(370).jpg,cross_class_sha1_conflict_kept_BacterialSpot
auto_excluded_source_image,Curl,/content/drive/MyDrive/Papaya_Leaf_Disease_Classification/BDPapayaLeaf/Original Images/Curl/Curl(371).jpg,cross_class_sha1_conflict_kept_BacterialSpot
auto_excluded_source_image,Curl,/content/drive/MyDrive/Papaya_Leaf_Disease_Classification/BDPapayaLeaf/Original Images/Curl/Curl(372).jpg,cross_class_sha1_conflict_kept_BacterialSpot
auto_excluded_source_image,Curl,/content/drive/MyDrive/Papaya_Leaf_Disease_Classification/BDPapayaLeaf/Original Images/Curl/Curl(373).jpg,cross_class_sha1_conflict_kept_BacterialSpot
auto_excluded_source_image,Curl,/content/drive/MyDrive/Papaya_Leaf_Disease_Classification/BDPapayaLeaf/Original Images/Curl/Curl(374).jpg,cross_class_sha1_conflict_kept_BacterialSpot
auto_excluded_source_image,Curl,/content/drive/MyDrive/Papaya_Leaf_Disease_Classification/BDPapayaLeaf/Original Images/Curl/Curl(375).jpg,cross_class_sha1_conflict_kept_BacterialSpot
auto_excluded_source_image,Curl,/content/drive/MyDrive/Papaya_Leaf_Disease_Classification/BDPapayaLeaf/Original Images/Curl/Curl(376).jpg,cross_class_sha1_conflict_kept_BacterialSpot
auto_excluded_source_image,Curl,/content/drive/MyDrive/Papaya_Leaf_Disease_Classification/BDPapayaLeaf/Original Images/Curl/Curl(377).jpg,cross_class_sha1_conflict_kept_BacterialSpot
auto_excluded_source_image,Curl,/content/drive/MyDrive/Papaya_Leaf_Disease_Classification/BDPapayaLeaf/Original Images/Curl/Curl(378).jpg,cross_class_sha1_conflict_kept_BacterialSpot
auto_excluded_source_image,Curl,/content/drive/MyDrive/Papaya_Leaf_Disease_Classification/BDPapayaLeaf/Original Images/Curl/Curl(379).jpg,cross_class_sha1_conflict_kept_BacterialSpot
auto_excluded_source_image,Curl,/content/drive/MyDrive/Papaya_Leaf_Disease_Classification/BDPapayaLeaf/Original Images/Curl/Curl(380).jpg,cross_class_sha1_conflict_kept_BacterialSpot
auto_excluded_source_image,Curl,/content/drive/MyDrive/Papaya_Leaf_Disease_Classification/BDPapayaLeaf/Original Images/Curl/Curl(381).jpg,cross_class_sha1_conflict_kept_BacterialSpot
auto_excluded_source_image,Curl,/content/drive/MyDrive/Papaya_Leaf_Disease_Classification/BDPapayaLeaf/Original Images/Curl/Curl(382).jpg,cross_class_sha1_conflict_kept_BacterialSpot
auto_excluded_source_image,Curl,/content/drive/MyDrive/Papaya_Leaf_Disease_Classification/BDPapayaLeaf/Original Images/Curl/Curl(383).jpg,cross_class_sha1_conflict_kept_BacterialSpot
auto_excluded_source_image,Curl,/content/drive/MyDrive/Papaya_Leaf_Disease_Classification/BDPapayaLeaf/Original Images/Curl/Curl(384).jpg,cross_class_sha1_conflict_kept_BacterialSpot
auto_excluded_source_image,Curl,/content/drive/MyDrive/Papaya_Leaf_Disease_Classification/BDPapayaLeaf/Original Images/Curl/Curl(385).jpg,cross_class_sha1_conflict_kept_BacterialSpot
auto_excluded_source_image,Curl,/content/drive/MyDrive/Papaya_Leaf_Disease_Classification/BDPapayaLeaf/Original Images/Curl/Curl(386).jpg,cross_class_sha1_conflict_kept_BacterialSpot
auto_excluded_source_image,Curl,/content/drive/MyDrive/Papaya_Leaf_Disease_Classification/BDPapayaLeaf/Original Images/Curl/Curl(387).jpg,cross_class_sha1_conflict_kept_BacterialSpot
auto_excluded_source_image,Curl,/content/drive/MyDrive/Papaya_Leaf_Disease_Classification/BDPapayaLeaf/Original Images/Curl/Curl(388).jpg,cross_class_sha1_conflict_kept_BacterialSpot
auto_excluded_source_image,Curl,/content/drive/MyDrive/Papaya_Leaf_Disease_Classification/BDPapayaLeaf/Original Images/Curl/Curl(389).jpg,cross_class_sha1_conflict_kept_BacterialSpot
auto_excluded_source_image,Curl,/content/drive/MyDrive/Papaya_Leaf_Disease_Classification/BDPapayaLeaf/Original Images/Curl/Curl(390).jpg,cross_class_sha1_conflict_kept_BacterialSpot
auto_excluded_source_image,Curl,/content/drive/MyDrive/Papaya_Leaf_Disease_Classification/BDPapayaLeaf/Original Images/Curl/Curl(391).jpg,cross_class_sha1_conflict_kept_BacterialSpot
auto_excluded_source_image,Curl,/content/drive/MyDrive/Papaya_Leaf_Disease_Classification/BDPapayaLeaf/Original Images/Curl/Curl(392).jpg,cross_class_sha1_conflict_kept_BacterialSpot
auto_excluded_source_image,Curl,/content/drive/MyDrive/Papaya_Leaf_Disease_Classification/BDPapayaLeaf/Original Images/Curl/Curl(393).jpg,cross_class_sha1_conflict_kept_BacterialSpot
auto_excluded_source_image,Curl,/content/drive/MyDrive/Papaya_Leaf_Disease_Classification/BDPapayaLeaf/Original Images/Curl/Curl(394).jpg,cross_class_sha1_conflict_kept_BacterialSpot
auto_excluded_source_image,Curl,/content/drive/MyDrive/Papaya_Leaf_Disease_Classification/BDPapayaLeaf/Original Images/Curl/Curl(395).jpg,cross_class_sha1_conflict_kept_BacterialSpot
auto_excluded_source_image,Curl,/content/drive/MyDrive/Papaya_Leaf_Disease_Classification/BDPapayaLeaf/Original Images/Curl/Curl(396).jpg,cross_class_sha1_conflict_kept_BacterialSpot
auto_excluded_source_image,Curl,/content/drive/MyDrive/Papaya_Leaf_Disease_Classification/BDPapayaLeaf/Original Images/Curl/Curl(397).jpg,cross_class_sha1_conflict_kept_BacterialSpot
auto_excluded_source_image,Curl,/content/drive/MyDrive/Papaya_Leaf_Disease_Classification/BDPapayaLeaf/Original Images/Curl/Curl(398).jpg,cross_class_sha1_conflict_kept_BacterialSpot
auto_excluded_source_image,Curl,/content/drive/MyDrive/Papaya_Leaf_Disease_Classification/BDPapayaLeaf/Original Images/Curl/Curl(399).jpg,cross_class_sha1_conflict_kept_BacterialSpot
auto_excluded_source_image,Curl,/content/drive/MyDrive/Papaya_Leaf_Disease_Classification/BDPapayaLeaf/Original Images/Curl/Curl(400).jpg,cross_class_sha1_conflict_kept_BacterialSpot
auto_excluded_source_image,Curl,/content/drive/MyDrive/Papaya_Leaf_Disease_Classification/BDPapayaLeaf/Original Images/Curl/Curl(401).jpg,cross_class_sha1_conflict_kept_BacterialSpot
auto_excluded_source_image,Curl,/content/drive/MyDrive/Papaya_Leaf_Disease_Classification/BDPapayaLeaf/Original Images/Curl/Curl(402).jpg,cross_class_sha1_conflict_kept_BacterialSpot
auto_excluded_source_image,Curl,/content/drive/MyDrive/Papaya_Leaf_Disease_Classification/BDPapayaLeaf/Original Images/Curl/Curl(403).jpg,cross_class_sha1_conflict_kept_BacterialSpot
auto_excluded_source_image,Curl,/content/drive/MyDrive/Papaya_Leaf_Disease_Classification/BDPapayaLeaf/Original Images/Curl/Curl(404).jpg,cross_class_sha1_conflict_kept_BacterialSpot
auto_excluded_source_image,Curl,/content/drive/MyDrive/Papaya_Leaf_Disease_Classification/BDPapayaLeaf/Original Images/Curl/Curl(405).jpg,cross_class_sha1_conflict_kept_BacterialSpot
auto_excluded_source_image,Curl,/content/drive/MyDrive/Papaya_Leaf_Disease_Classification/BDPapayaLeaf/Original Images/Curl/Curl(406).jpg,cross_class_sha1_conflict_kept_BacterialSpot
auto_excluded_source_image,Curl,/content/drive/MyDrive/Papaya_Leaf_Disease_Classification/BDPapayaLeaf/Original Images/Curl/Curl(407).jpg,cross_class_sha1_conflict_kept_BacterialSpot
auto_excluded_source_image,Curl,/content/drive/MyDrive/Papaya_Leaf_Disease_Classification/BDPapayaLeaf/Original Images/Curl/Curl(408).jpg,cross_class_sha1_conflict_kept_BacterialSpot
auto_excluded_source_image,Curl,/content/drive/MyDrive/Papaya_Leaf_Disease_Classification/BDPapayaLeaf/Original Images/Curl/Curl(409).jpg,cross_class_sha1_conflict_kept_BacterialSpot
auto_excluded_source_image,Curl,/content/drive/MyDrive/Papaya_Leaf_Disease_Classification/BDPapayaLeaf/Original Images/Curl/Curl(410).jpg,cross_class_sha1_conflict_kept_BacterialSpot
auto_excluded_source_image,Curl,/content/drive/MyDrive/Papaya_Leaf_Disease_Classification/BDPapayaLeaf/Original Images/Curl/Curl(411).jpg,cross_class_sha1_conflict_kept_BacterialSpot
auto_excluded_source_image,Curl,/content/drive/MyDrive/Papaya_Leaf_Disease_Classification/BDPapayaLeaf/Original Images/Curl/Curl(412).jpg,cross_class_sha1_conflict_kept_BacterialSpot
auto_excluded_source_image,Curl,/content/drive/MyDrive/Papaya_Leaf_Disease_Classification/BDPapayaLeaf/Original Images/Curl/Curl(413).jpg,cross_class_sha1_conflict_kept_BacterialSpot
auto_excluded_source_image,Curl,/content/drive/MyDrive/Papaya_Leaf_Disease_Classification/BDPapayaLeaf/Original Images/Curl/Curl(414).jpg,cross_class_sha1_conflict_kept_BacterialSpot
auto_excluded_source_image,Curl,/content/drive/MyDrive/Papaya_Leaf_Disease_Classification/BDPapayaLeaf/Original Images/Curl/Curl(415).jpg,cross_class_sha1_conflict_kept_BacterialSpot
auto_excluded_source_image,Curl,/content/drive/MyDrive/Papaya_Leaf_Disease_Classification/BDPapayaLeaf/Original Images/Curl/Curl(416).jpg,cross_class_sha1_conflict_kept_BacterialSpot
auto_excluded_source_image,Curl,/content/drive/MyDrive/Papaya_Leaf_Disease_Classification/BDPapayaLeaf/Original Images/Curl/Curl(417).jpg,cross_class_sha1_conflict_kept_BacterialSpot
auto_excluded_source_image,Curl,/content/drive/MyDrive/Papaya_Leaf_Disease_Classification/BDPapayaLeaf/Original Images/Curl/Curl(418).jpg,cross_class_sha1_conflict_kept_BacterialSpot
auto_excluded_source_image,Curl,/content/drive/MyDrive/Papaya_Leaf_Disease_Classification/BDPapayaLeaf/Original Images/Curl/Curl(419).jpg,cross_class_sha1_conflict_kept_BacterialSpot
auto_excluded_source_image,Curl,/content/drive/MyDrive/Papaya_Leaf_Disease_Classification/BDPapayaLeaf/Original Images/Curl/Curl(420).jpg,cross_class_sha1_conflict_kept_BacterialSpot
auto_excluded_source_image,Curl,/content/drive/MyDrive/Papaya_Leaf_Disease_Classification/BDPapayaLeaf/Original Images/Curl/Curl(421).jpg,cross_class_sha1_conflict_kept_BacterialSpot
auto_excluded_source_image,Curl,/content/drive/MyDrive/Papaya_Leaf_Disease_Classification/BDPapayaLeaf/Original Images/Curl/Curl(422).jpg,cross_class_sha1_conflict_kept_BacterialSpot
auto_excluded_source_image,Curl,/content/drive/MyDrive/Papaya_Leaf_Disease_Classification/BDPapayaLeaf/Original Images/Curl/Curl(423).jpg,cross_class_sha1_conflict_kept_BacterialSpot
auto_excluded_source_image,Curl,/content/drive/MyDrive/Papaya_Leaf_Disease_Classification/BDPapayaLeaf/Original Images/Curl/Curl(424).jpg,cross_class_sha1_conflict_kept_BacterialSpot
auto_excluded_source_image,Curl,/content/drive/MyDrive/Papaya_Leaf_Disease_Classification/BDPapayaLeaf/Original Images/Curl/Curl(425).jpg,cross_class_sha1_conflict_kept_BacterialSpot
auto_excluded_source_image,Curl,/content/drive/MyDrive/Papaya_Leaf_Disease_Classification/BDPapayaLeaf/Original Images/Curl/Curl(426).jpg,cross_class_sha1_conflict_kept_BacterialSpot
auto_excluded_source_image,Curl,/content/drive/MyDrive/Papaya_Leaf_Disease_Classification/BDPapayaLeaf/Original Images/Curl/Curl(427).jpg,cross_class_sha1_conflict_kept_BacterialSpot
auto_excluded_source_image,Curl,/content/drive/MyDrive/Papaya_Leaf_Disease_Classification/BDPapayaLeaf/Original Images/Curl/Curl(428).jpg,cross_class_sha1_conflict_kept_BacterialSpot
auto_excluded_source_image,Curl,/content/drive/MyDrive/Papaya_Leaf_Disease_Classification/BDPapayaLeaf/Original Images/Curl/Curl(429).jpg,cross_class_sha1_conflict_kept_BacterialSpot
auto_excluded_source_image,Curl,/content/drive/MyDrive/Papaya_Leaf_Disease_Classification/BDPapayaLeaf/Original Images/Curl/Curl(430).jpg,cross_class_sha1_conflict_kept_BacterialSpot
auto_excluded_source_image,Curl,/content/drive/MyDrive/Papaya_Leaf_Disease_Classification/BDPapayaLeaf/Original Images/Curl/Curl(431).jpg,cross_class_sha1_conflict_kept_BacterialSpot
auto_excluded_source_image,Curl,/content/drive/MyDrive/Papaya_Leaf_Disease_Classification/BDPapayaLeaf/Original Images/Curl/Curl(432).jpg,cross_class_sha1_conflict_kept_BacterialSpot
auto_excluded_source_image,Curl,/content/drive/MyDrive/Papaya_Leaf_Disease_Classification/BDPapayaLeaf/Original Images/Curl/Curl(433).jpg,cross_class_sha1_conflict_kept_BacterialSpot
auto_excluded_source_image,Curl,/content/drive/MyDrive/Papaya_Leaf_Disease_Classification/BDPapayaLeaf/Original Images/Curl/Curl(434).jpg,cross_class_sha1_conflict_kept_BacterialSpot
auto_excluded_source_image,Curl,/content/drive/MyDrive/Papaya_Leaf_Disease_Classification/BDPapayaLeaf/Original Images/Curl/Curl(435).jpg,cross_class_sha1_conflict_kept_BacterialSpot
auto_excluded_source_image,Curl,/content/drive/MyDrive/Papaya_Leaf_Disease_Classification/BDPapayaLeaf/Original Images/Curl/Curl(436).jpg,cross_class_sha1_conflict_kept_BacterialSpot
auto_excluded_source_image,Curl,/content/drive/MyDrive/Papaya_Leaf_Disease_Classification/BDPapayaLeaf/Original Images/Curl/Curl(437).jpg,cross_class_sha1_conflict_kept_BacterialSpot
auto_excluded_source_image,Curl,/content/drive/MyDrive/Papaya_Leaf_Disease_Classification/BDPapayaLeaf/Original Images/Curl/Curl(438).jpg,cross_class_sha1_conflict_kept_BacterialSpot
auto_excluded_source_image,Curl,/content/drive/MyDrive/Papaya_Leaf_Disease_Classification/BDPapayaLeaf/Original Images/Curl/Curl(439).jpg,cross_class_sha1_conflict_kept_BacterialSpot
auto_excluded_source_image,Curl,/content/drive/MyDrive/Papaya_Leaf_Disease_Classification/BDPapayaLeaf/Original Images/Curl/Curl(440).jpg,cross_class_sha1_conflict_kept_BacterialSpot
auto_excluded_source_image,Curl,/content/drive/MyDrive/Papaya_Leaf_Disease_Classification/BDPapayaLeaf/Original Images/Curl/Curl(441).jpg,cross_class_sha1_conflict_kept_BacterialSpot
auto_excluded_source_image,Curl,/content/drive/MyDrive/Papaya_Leaf_Disease_Classification/BDPapayaLeaf/Original Images/Curl/Curl(442).jpg,cross_class_sha1_conflict_kept_BacterialSpot
auto_excluded_source_image,Curl,/content/drive/MyDrive/Papaya_Leaf_Disease_Classification/BDPapayaLeaf/Original Images/Curl/Curl(443).jpg,cross_class_sha1_conflict_kept_BacterialSpot
auto_excluded_source_image,Curl,/content/drive/MyDrive/Papaya_Leaf_Disease_Classification/BDPapayaLeaf/Original Images/Curl/Curl(444).jpg,cross_class_sha1_conflict_kept_BacterialSpot
auto_excluded_source_image,Curl,/content/drive/MyDrive/Papaya_Leaf_Disease_Classification/BDPapayaLeaf/Original Images/Curl/Curl(445).jpg,cross_class_sha1_conflict_kept_BacterialSpot
auto_excluded_source_image,Curl,/content/drive/MyDrive/Papaya_Leaf_Disease_Classification/BDPapayaLeaf/Original Images/Curl/Curl(446).jpg,cross_class_sha1_conflict_kept_BacterialSpot
auto_excluded_source_image,Curl,/content/drive/MyDrive/Papaya_Leaf_Disease_Classification/BDPapayaLeaf/Original Images/Curl/Curl(447).jpg,cross_class_sha1_conflict_kept_BacterialSpot
auto_excluded_source_image,Curl,/content/drive/MyDrive/Papaya_Leaf_Disease_Classification/BDPapayaLeaf/Original Images/Curl/Curl(448).jpg,cross_class_sha1_conflict_kept_BacterialSpot
auto_excluded_source_image,Curl,/content/drive/MyDrive/Papaya_Leaf_Disease_Classification/BDPapayaLeaf/Original Images/Curl/Curl(449).jpg,cross_class_sha1_conflict_kept_BacterialSpot
auto_excluded_source_image,Curl,/content/drive/MyDrive/Papaya_Leaf_Disease_Classification/BDPapayaLeaf/Original Images/Curl/Curl(450).jpg,cross_class_sha1_conflict_kept_BacterialSpot
auto_excluded_source_image,Curl,/content/drive/MyDrive/Papaya_Leaf_Disease_Classification/BDPapayaLeaf/Original Images/Curl/Curl(451).jpg,cross_class_sha1_conflict_kept_BacterialSpot
auto_excluded_source_image,Curl,/content/drive/MyDrive/Papaya_Leaf_Disease_Classification/BDPapayaLeaf/Original Images/Curl/Curl(452).jpg,cross_class_sha1_conflict_kept_BacterialSpot
auto_excluded_source_image,Curl,/content/drive/MyDrive/Papaya_Leaf_Disease_Classification/BDPapayaLeaf/Original Images/Curl/Curl(453).jpg,cross_class_sha1_conflict_kept_BacterialSpot
auto_excluded_source_image,Curl,/content/drive/MyDrive/Papaya_Leaf_Disease_Classification/BDPapayaLeaf/Original Images/Curl/Curl(454).jpg,cross_class_sha1_conflict_kept_BacterialSpot
auto_excluded_source_image,Curl,/content/drive/MyDrive/Papaya_Leaf_Disease_Classification/BDPapayaLeaf/Original Images/Curl/Curl(455).jpg,cross_class_sha1_conflict_kept_BacterialSpot
auto_excluded_source_image,Curl,/content/drive/MyDrive/Papaya_Leaf_Disease_Classification/BDPapayaLeaf/Original Images/Curl/Curl(456).jpg,cross_class_sha1_conflict_kept_BacterialSpot
auto_excluded_source_image,Curl,/content/drive/MyDrive/Papaya_Leaf_Disease_Classification/BDPapayaLeaf/Original Images/Curl/Curl(457).jpg,cross_class_sha1_conflict_kept_BacterialSpot
auto_excluded_source_image,Curl,/content/drive/MyDrive/Papaya_Leaf_Disease_Classification/BDPapayaLeaf/Original Images/Curl/Curl(458).jpg,cross_class_sha1_conflict_kept_BacterialSpot
auto_excluded_source_image,Curl,/content/drive/MyDrive/Papaya_Leaf_Disease_Classification/BDPapayaLeaf/Original Images/Curl/Curl(459).jpg,cross_class_sha1_conflict_kept_BacterialSpot
auto_excluded_source_image,Curl,/content/drive/MyDrive/Papaya_Leaf_Disease_Classification/BDPapayaLeaf/Original Images/Curl/Curl(460).jpg,cross_class_sha1_conflict_kept_BacterialSpot
auto_excluded_source_image,Curl,/content/drive/MyDrive/Papaya_Leaf_Disease_Classification/BDPapayaLeaf/Original Images/Curl/Curl(461).jpg,cross_class_sha1_conflict_kept_BacterialSpot
auto_excluded_source_image,Curl,/content/drive/MyDrive/Papaya_Leaf_Disease_Classification/BDPapayaLeaf/Original Images/Curl/Curl(462).jpg,cross_class_sha1_conflict_kept_BacterialSpot
auto_excluded_source_image,Curl,/content/drive/MyDrive/Papaya_Leaf_Disease_Classification/BDPapayaLeaf/Original Images/Curl/Curl(463).jpg,cross_class_sha1_conflict_kept_BacterialSpot
auto_excluded_source_image,Curl,/content/drive/MyDrive/Papaya_Leaf_Disease_Classification/BDPapayaLeaf/Original Images/Curl/Curl(464).jpg,cross_class_sha1_conflict_kept_BacterialSpot
auto_excluded_source_image,Curl,/content/drive/MyDrive/Papaya_Leaf_Disease_Classification/BDPapayaLeaf/Original Images/Curl/Curl(465).jpg,cross_class_sha1_conflict_kept_BacterialSpot
auto_excluded_source_image,Curl,/content/drive/MyDrive/Papaya_Leaf_Disease_Classification/BDPapayaLeaf/Original Images/Curl/Curl(466).jpg,cross_class_sha1_conflict_kept_BacterialSpot
auto_excluded_source_image,Curl,/content/drive/MyDrive/Papaya_Leaf_Disease_Classification/BDPapayaLeaf/Original Images/Curl/Curl(467).jpg,cross_class_sha1_conflict_kept_BacterialSpot
auto_excluded_source_image,Curl,/content/drive/MyDrive/Papaya_Leaf_Disease_Classification/BDPapayaLeaf/Original Images/Curl/Curl(468).jpg,cross_class_sha1_conflict_kept_BacterialSpot
auto_excluded_source_image,Curl,/content/drive/MyDrive/Papaya_Leaf_Disease_Classification/BDPapayaLeaf/Original Images/Curl/Curl(469).jpg,cross_class_sha1_conflict_kept_BacterialSpot
auto_excluded_source_image,Curl,/content/drive/MyDrive/Papaya_Leaf_Disease_Classification/BDPapayaLeaf/Original Images/Curl/Curl(470).jpg,cross_class_sha1_conflict_kept_BacterialSpot
auto_excluded_source_image,Curl,/content/drive/MyDrive/Papaya_Leaf_Disease_Classification/BDPapayaLeaf/Original Images/Curl/Curl(471).jpg,cross_class_sha1_conflict_kept_BacterialSpot
auto_excluded_source_image,Curl,/content/drive/MyDrive/Papaya_Leaf_Disease_Classification/BDPapayaLeaf/Original Images/Curl/Curl(472).jpg,cross_class_sha1_conflict_kept_BacterialSpot
auto_excluded_source_image,Curl,/content/drive/MyDrive/Papaya_Leaf_Disease_Classification/BDPapayaLeaf/Original Images/Curl/Curl(473).jpg,cross_class_sha1_conflict_kept_BacterialSpot
auto_excluded_source_image,Curl,/content/drive/MyDrive/Papaya_Leaf_Disease_Classification/BDPapayaLeaf/Original Images/Curl/Curl(474).jpg,cross_class_sha1_conflict_kept_BacterialSpot
auto_excluded_source_image,Curl,/content/drive/MyDrive/Papaya_Leaf_Disease_Classification/BDPapayaLeaf/Original Images/Curl/Curl(475).jpg,cross_class_sha1_conflict_kept_BacterialSpot
auto_excluded_source_image,Curl,/content/drive/MyDrive/Papaya_Leaf_Disease_Classification/BDPapayaLeaf/Original Images/Curl/Curl(476).jpg,cross_class_sha1_conflict_kept_BacterialSpot
auto_excluded_source_image,Curl,/content/drive/MyDrive/Papaya_Leaf_Disease_Classification/BDPapayaLeaf/Original Images/Curl/Curl(477).jpg,cross_class_sha1_conflict_kept_BacterialSpot
auto_excluded_source_image,Curl,/content/drive/MyDrive/Papaya_Leaf_Disease_Classification/BDPapayaLeaf/Original Images/Curl/Curl(478).jpg,cross_class_sha1_conflict_kept_BacterialSpot
auto_excluded_source_image,Curl,/content/drive/MyDrive/Papaya_Leaf_Disease_Classification/BDPapayaLeaf/Original Images/Curl/Curl(479).jpg,cross_class_sha1_conflict_kept_BacterialSpot
auto_excluded_source_image,Curl,/content/drive/MyDrive/Papaya_Leaf_Disease_Classification/BDPapayaLeaf/Original Images/Curl/Curl(480).jpg,cross_class_sha1_conflict_kept_BacterialSpot
auto_excluded_source_image,Curl,/content/drive/MyDrive/Papaya_Leaf_Disease_Classification/BDPapayaLeaf/Original Images/Curl/Curl(481).jpg,cross_class_sha1_conflict_kept_BacterialSpot
auto_excluded_source_image,Curl,/content/drive/MyDrive/Papaya_Leaf_Disease_Classification/BDPapayaLeaf/Original Images/Curl/Curl(482).jpg,cross_class_sha1_conflict_kept_BacterialSpot
auto_excluded_source_image,Curl,/content/drive/MyDrive/Papaya_Leaf_Disease_Classification/BDPapayaLeaf/Original Images/Curl/Curl(483).jpg,cross_class_sha1_conflict_kept_BacterialSpot
auto_excluded_source_image,Curl,/content/drive/MyDrive/Papaya_Leaf_Disease_Classification/BDPapayaLeaf/Original Images/Curl/Curl(484).jpg,cross_class_sha1_conflict_kept_BacterialSpot
auto_excluded_source_image,Curl,/content/drive/MyDrive/Papaya_Leaf_Disease_Classification/BDPapayaLeaf/Original Images/Curl/Curl(485).jpg,cross_class_sha1_conflict_kept_BacterialSpot
auto_excluded_source_image,Curl,/content/drive/MyDrive/Papaya_Leaf_Disease_Classification/BDPapayaLeaf/Original Images/Curl/Curl(486).jpg,cross_class_sha1_conflict_kept_BacterialSpot
auto_excluded_source_image,Curl,/content/drive/MyDrive/Papaya_Leaf_Disease_Classification/BDPapayaLeaf/Original Images/Curl/Curl(487).jpg,cross_class_sha1_conflict_kept_BacterialSpot
auto_excluded_source_image,Curl,/content/drive/MyDrive/Papaya_Leaf_Disease_Classification/BDPapayaLeaf/Original Images/Curl/Curl(488).jpg,cross_class_sha1_conflict_kept_BacterialSpot
auto_excluded_source_image,Curl,/content/drive/MyDrive/Papaya_Leaf_Disease_Classification/BDPapayaLeaf/Original Images/Curl/Curl(489).jpg,cross_class_sha1_conflict_kept_BacterialSpot
auto_excluded_source_image,Curl,/content/drive/MyDrive/Papaya_Leaf_Disease_Classification/BDPapayaLeaf/Original Images/Curl/Curl(490).jpg,cross_class_sha1_conflict_kept_BacterialSpot
auto_excluded_source_image,Curl,/content/drive/MyDrive/Papaya_Leaf_Disease_Classification/BDPapayaLeaf/Original Images/Curl/Curl(491).jpg,cross_class_sha1_conflict_kept_BacterialSpot
auto_excluded_source_image,Curl,/content/drive/MyDrive/Papaya_Leaf_Disease_Classification/BDPapayaLeaf/Original Images/Curl/Curl(492).jpg,cross_class_sha1_conflict_kept_BacterialSpot
auto_excluded_source_image,Curl,/content/drive/MyDrive/Papaya_Leaf_Disease_Classification/BDPapayaLeaf/Original Images/Curl/Curl(493).jpg,cross_class_sha1_conflict_kept_BacterialSpot
auto_excluded_source_image,Curl,/content/drive/MyDrive/Papaya_Leaf_Disease_Classification/BDPapayaLeaf/Original Images/Curl/Curl(494).jpg,cross_class_sha1_conflict_kept_BacterialSpot
auto_excluded_source_image,Curl,/content/drive/MyDrive/Papaya_Leaf_Disease_Classification/BDPapayaLeaf/Original Images/Curl/Curl(495).jpg,cross_class_sha1_conflict_kept_BacterialSpot
auto_excluded_source_image,Curl,/content/drive/MyDrive/Papaya_Leaf_Disease_Classification/BDPapayaLeaf/Original Images/Curl/Curl(496).jpg,cross_class_sha1_conflict_kept_BacterialSpot
auto_excluded_source_image,Curl,/content/drive/MyDrive/Papaya_Leaf_Disease_Classification/BDPapayaLeaf/Original Images/Curl/Curl(497).jpg,cross_class_sha1_conflict_kept_BacterialSpot
auto_excluded_source_image,Curl,/content/drive/MyDrive/Papaya_Leaf_Disease_Classification/BDPapayaLeaf/Original Images/Curl/Curl(498).jpg,cross_class_sha1_conflict_kept_BacterialSpot
auto_excluded_source_image,Curl,/content/drive/MyDrive/Papaya_Leaf_Disease_Classification/BDPapayaLeaf/Original Images/Curl/Curl(499).jpg,cross_class_sha1_conflict_kept_BacterialSpot
auto_excluded_source_image,Curl,/content/drive/MyDrive/Papaya_Leaf_Disease_Classification/BDPapayaLeaf/Original Images/Curl/Curl(500).jpg,cross_class_sha1_conflict_kept_BacterialSpot
auto_excluded_source_image,Curl,/content/drive/MyDrive/Papaya_Leaf_Disease_Classification/BDPapayaLeaf/Original Images/Curl/Curl(501).jpg,cross_class_sha1_conflict_kept_BacterialSpot
auto_excluded_source_image,Curl,/content/drive/MyDrive/Papaya_Leaf_Disease_Classification/BDPapayaLeaf/Original Images/Curl/Curl(502).jpg,cross_class_sha1_conflict_kept_BacterialSpot
auto_excluded_source_image,Curl,/content/drive/MyDrive/Papaya_Leaf_Disease_Classification/BDPapayaLeaf/Original Images/Curl/Curl(503).jpg,cross_class_sha1_conflict_kept_BacterialSpot
auto_excluded_source_image,Curl,/content/drive/MyDrive/Papaya_Leaf_Disease_Classification/BDPapayaLeaf/Original Images/Curl/Curl(504).jpg,cross_class_sha1_conflict_kept_BacterialSpot
auto_excluded_source_image,Curl,/content/drive/MyDrive/Papaya_Leaf_Disease_Classification/BDPapayaLeaf/Original Images/Curl/Curl(505).jpg,cross_class_sha1_conflict_kept_BacterialSpot
auto_excluded_source_image,Curl,/content/drive/MyDrive/Papaya_Leaf_Disease_Classification/BDPapayaLeaf/Original Images/Curl/Curl(506).jpg,cross_class_sha1_conflict_kept_BacterialSpot
auto_excluded_source_image,Curl,/content/drive/MyDrive/Papaya_Leaf_Disease_Classification/BDPapayaLeaf/Original Images/Curl/Curl(507).jpg,cross_class_sha1_conflict_kept_BacterialSpot
auto_excluded_source_image,Curl,/content/drive/MyDrive/Papaya_Leaf_Disease_Classification/BDPapayaLeaf/Original Images/Curl/Curl(508).jpg,cross_class_sha1_conflict_kept_BacterialSpot
auto_excluded_source_image,Curl,/content/drive/MyDrive/Papaya_Leaf_Disease_Classification/BDPapayaLeaf/Original Images/Curl/Curl(509).jpg,cross_class_sha1_conflict_kept_BacterialSpot
auto_excluded_source_image,Curl,/content/drive/MyDrive/Papaya_Leaf_Disease_Classification/BDPapayaLeaf/Original Images/Curl/Curl(510).jpg,cross_class_sha1_conflict_kept_BacterialSpot
auto_excluded_source_image,Curl,/content/drive/MyDrive/Papaya_Leaf_Disease_Classification/BDPapayaLeaf/Original Images/Curl/Curl(511).jpg,cross_class_sha1_conflict_kept_BacterialSpot
auto_excluded_source_image,Curl,/content/drive/MyDrive/Papaya_Leaf_Disease_Classification/BDPapayaLeaf/Original Images/Curl/Curl(512).jpg,cross_class_sha1_conflict_kept_BacterialSpot
auto_excluded_source_image,Curl,/content/drive/MyDrive/Papaya_Leaf_Disease_Classification/BDPapayaLeaf/Original Images/Curl/Curl(513).jpg,cross_class_sha1_conflict_kept_BacterialSpot
auto_excluded_source_image,Curl,/content/drive/MyDrive/Papaya_Leaf_Disease_Classification/BDPapayaLeaf/Original Images/Curl/Curl(514).jpg,cross_class_sha1_conflict_kept_BacterialSpot
auto_excluded_source_image,Curl,/content/drive/MyDrive/Papaya_Leaf_Disease_Classification/BDPapayaLeaf/Original Images/Curl/Curl(515).jpg,cross_class_sha1_conflict_kept_BacterialSpot
auto_excluded_source_image,Curl,/content/drive/MyDrive/Papaya_Leaf_Disease_Classification/BDPapayaLeaf/Original Images/Curl/Curl(516).jpg,cross_class_sha1_conflict_kept_BacterialSpot
auto_excluded_source_image,Curl,/content/drive/MyDrive/Papaya_Leaf_Disease_Classification/BDPapayaLeaf/Original Images/Curl/Curl(517).jpg,cross_class_sha1_conflict_kept_BacterialSpot
auto_excluded_source_image,Curl,/content/drive/MyDrive/Papaya_Leaf_Disease_Classification/BDPapayaLeaf/Original Images/Curl/Curl(518).jpg,cross_class_sha1_conflict_kept_BacterialSpot
auto_excluded_source_image,Curl,/content/drive/MyDrive/Papaya_Leaf_Disease_Classification/BDPapayaLeaf/Original Images/Curl/Curl(519).jpg,cross_class_sha1_conflict_kept_BacterialSpot
auto_excluded_source_image,Curl,/content/drive/MyDrive/Papaya_Leaf_Disease_Classification/BDPapayaLeaf/Original Images/Curl/Curl(520).jpg,cross_class_sha1_conflict_kept_BacterialSpot
auto_excluded_source_image,Curl,/content/drive/MyDrive/Papaya_Leaf_Disease_Classification/BDPapayaLeaf/Original Images/Curl/Curl(521).jpg,cross_class_sha1_conflict_kept_BacterialSpot
auto_excluded_source_image,Curl,/content/drive/MyDrive/Papaya_Leaf_Disease_Classification/BDPapayaLeaf/Original Images/Curl/Curl(522).jpg,cross_class_sha1_conflict_kept_BacterialSpot
auto_excluded_source_image,Curl,/content/drive/MyDrive/Papaya_Leaf_Disease_Classification/BDPapayaLeaf/Original Images/Curl/Curl(523).jpg,cross_class_sha1_conflict_kept_BacterialSpot
auto_excluded_source_image,Curl,/content/drive/MyDrive/Papaya_Leaf_Disease_Classification/BDPapayaLeaf/Original Images/Curl/Curl(524).jpg,cross_class_sha1_conflict_kept_BacterialSpot
auto_excluded_source_image,Curl,/content/drive/MyDrive/Papaya_Leaf_Disease_Classification/BDPapayaLeaf/Original Images/Curl/Curl(525).jpg,cross_class_sha1_conflict_kept_BacterialSpot
auto_excluded_source_image,Curl,/content/drive/MyDrive/Papaya_Leaf_Disease_Classification/BDPapayaLeaf/Original Images/Curl/Curl(526).jpg,cross_class_sha1_conflict_kept_BacterialSpot
auto_excluded_source_image,Curl,/content/drive/MyDrive/Papaya_Leaf_Disease_Classification/BDPapayaLeaf/Original Images/Curl/Curl(527).jpg,cross_class_sha1_conflict_kept_BacterialSpot
auto_excluded_source_image,Curl,/content/drive/MyDrive/Papaya_Leaf_Disease_Classification/BDPapayaLeaf/Original Images/Curl/Curl(528).jpg,cross_class_sha1_conflict_kept_BacterialSpot
auto_excluded_source_image,Curl,/content/drive/MyDrive/Papaya_Leaf_Disease_Classification/BDPapayaLeaf/Original Images/Curl/Curl(529).jpg,cross_class_sha1_conflict_kept_BacterialSpot
auto_excluded_source_image,Curl,/content/drive/MyDrive/Papaya_Leaf_Disease_Classification/BDPapayaLeaf/Original Images/Curl/Curl(530).jpg,cross_class_sha1_conflict_kept_BacterialSpot
auto_excluded_source_image,Curl,/content/drive/MyDrive/Papaya_Leaf_Disease_Classification/BDPapayaLeaf/Original Images/Curl/Curl(531).jpg,cross_class_sha1_conflict_kept_BacterialSpot
auto_excluded_source_image,Curl,/content/drive/MyDrive/Papaya_Leaf_Disease_Classification/BDPapayaLeaf/Original Images/Curl/Curl(532).jpg,cross_class_sha1_conflict_kept_BacterialSpot
auto_excluded_source_image,Curl,/content/drive/MyDrive/Papaya_Leaf_Disease_Classification/BDPapayaLeaf/Original Images/Curl/Curl(533).jpg,cross_class_sha1_conflict_kept_BacterialSpot
auto_excluded_source_image,Curl,/content/drive/MyDrive/Papaya_Leaf_Disease_Classification/BDPapayaLeaf/Original Images/Curl/Curl(534).jpg,cross_class_sha1_conflict_kept_BacterialSpot
auto_excluded_source_image,Curl,/content/drive/MyDrive/Papaya_Leaf_Disease_Classification/BDPapayaLeaf/Original Images/Curl/Curl(535).jpg,cross_class_sha1_conflict_kept_BacterialSpot
auto_excluded_source_image,Curl,/content/drive/MyDrive/Papaya_Leaf_Disease_Classification/BDPapayaLeaf/Original Images/Curl/Curl(536).jpg,cross_class_sha1_conflict_kept_BacterialSpot
auto_excluded_source_image,Curl,/content/drive/MyDrive/Papaya_Leaf_Disease_Classification/BDPapayaLeaf/Original Images/Curl/Curl(537).jpg,cross_class_sha1_conflict_kept_BacterialSpot
auto_excluded_source_image,Curl,/content/drive/MyDrive/Papaya_Leaf_Disease_Classification/BDPapayaLeaf/Original Images/Curl/Curl(538).jpg,cross_class_sha1_conflict_kept_BacterialSpot
auto_excluded_source_image,Curl,/content/drive/MyDrive/Papaya_Leaf_Disease_Classification/BDPapayaLeaf/Original Images/Curl/Curl(539).jpg,cross_class_sha1_conflict_kept_BacterialSpot
auto_excluded_source_image,Curl,/content/drive/MyDrive/Papaya_Leaf_Disease_Classification/BDPapayaLeaf/Original Images/Curl/Curl(540).jpg,cross_class_sha1_conflict_kept_BacterialSpot
auto_excluded_source_image,Curl,/content/drive/MyDrive/Papaya_Leaf_Disease_Classification/BDPapayaLeaf/Original Images/Curl/Curl(541).jpg,cross_class_sha1_conflict_kept_BacterialSpot
auto_excluded_source_image,Curl,/content/drive/MyDrive/Papaya_Leaf_Disease_Classification/BDPapayaLeaf/Original Images/Curl/Curl(542).jpg,cross_class_sha1_conflict_kept_BacterialSpot
auto_excluded_source_image,Curl,/content/drive/MyDrive/Papaya_Leaf_Disease_Classification/BDPapayaLeaf/Original Images/Curl/Curl(543).jpg,cross_class_sha1_conflict_kept_BacterialSpot
auto_excluded_source_image,Curl,/content/drive/MyDrive/Papaya_Leaf_Disease_Classification/BDPapayaLeaf/Original Images/Curl/Curl(544).jpg,cross_class_sha1_conflict_kept_BacterialSpot
auto_excluded_source_image,Curl,/content/drive/MyDrive/Papaya_Leaf_Disease_Classification/BDPapayaLeaf/Original Images/Curl/Curl(545).jpg,cross_class_sha1_conflict_kept_BacterialSpot
auto_excluded_source_image,Curl,/content/drive/MyDrive/Papaya_Leaf_Disease_Classification/BDPapayaLeaf/Original Images/Curl/Curl(546).jpg,cross_class_sha1_conflict_kept_BacterialSpot
auto_excluded_source_image,Curl,/content/drive/MyDrive/Papaya_Leaf_Disease_Classification/BDPapayaLeaf/Original Images/Curl/Curl(547).jpg,cross_class_sha1_conflict_kept_BacterialSpot
auto_excluded_source_image,Curl,/content/drive/MyDrive/Papaya_Leaf_Disease_Classification/BDPapayaLeaf/Original Images/Curl/Curl(548).jpg,cross_class_sha1_conflict_kept_BacterialSpot
auto_excluded_source_image,Curl,/content/drive/MyDrive/Papaya_Leaf_Disease_Classification/BDPapayaLeaf/Original Images/Curl/Curl(549).jpg,cross_class_sha1_conflict_kept_BacterialSpot
auto_excluded_source_image,Curl,/content/drive/MyDrive/Papaya_Leaf_Disease_Classification/BDPapayaLeaf/Original Images/Curl/Curl(550).jpg,cross_class_sha1_conflict_kept_BacterialSpot
auto_excluded_source_image,Curl,/content/drive/MyDrive/Papaya_Leaf_Disease_Classification/BDPapayaLeaf/Original Images/Curl/Curl(551).jpg,cross_class_sha1_conflict_kept_BacterialSpot
auto_excluded_source_image,Curl,/content/drive/MyDrive/Papaya_Leaf_Disease_Classification/BDPapayaLeaf/Original Images/Curl/Curl(552).jpg,cross_class_sha1_conflict_kept_BacterialSpot
auto_excluded_source_image,Curl,/content/drive/MyDrive/Papaya_Leaf_Disease_Classification/BDPapayaLeaf/Original Images/Curl/Curl(553).jpg,cross_class_sha1_conflict_kept_BacterialSpot
auto_excluded_source_image,Curl,/content/drive/MyDrive/Papaya_Leaf_Disease_Classification/BDPapayaLeaf/Original Images/Curl/Curl(554).jpg,cross_class_sha1_conflict_kept_BacterialSpot
auto_excluded_source_image,Curl,/content/drive/MyDrive/Papaya_Leaf_Disease_Classification/BDPapayaLeaf/Original Images/Curl/Curl(555).jpg,cross_class_sha1_conflict_kept_BacterialSpot
auto_excluded_source_image,Curl,/content/drive/MyDrive/Papaya_Leaf_Disease_Classification/BDPapayaLeaf/Original Images/Curl/Curl(556).jpg,cross_class_sha1_conflict_kept_BacterialSpot
auto_excluded_source_image,Curl,/content/drive/MyDrive/Papaya_Leaf_Disease_Classification/BDPapayaLeaf/Original Images/Curl/Curl(557).jpg,cross_class_sha1_conflict_kept_BacterialSpot
auto_excluded_source_image,Curl,/content/drive/MyDrive/Papaya_Leaf_Disease_Classification/BDPapayaLeaf/Original Images/Curl/Curl(558).jpg,cross_class_sha1_conflict_kept_BacterialSpot
auto_excluded_source_image,Curl,/content/drive/MyDrive/Papaya_Leaf_Disease_Classification/BDPapayaLeaf/Original Images/Curl/Curl(559).jpg,cross_class_sha1_conflict_kept_BacterialSpot
auto_excluded_source_image,Curl,/content/drive/MyDrive/Papaya_Leaf_Disease_Classification/BDPapayaLeaf/Original Images/Curl/Curl(560).jpg,cross_class_sha1_conflict_kept_BacterialSpot
auto_excluded_source_image,Curl,/content/drive/MyDrive/Papaya_Leaf_Disease_Classification/BDPapayaLeaf/Original Images/Curl/Curl(561).jpg,cross_class_sha1_conflict_kept_BacterialSpot
auto_excluded_source_image,Curl,/content/drive/MyDrive/Papaya_Leaf_Disease_Classification/BDPapayaLeaf/Original Images/Curl/Curl(562).jpg,cross_class_sha1_conflict_kept_BacterialSpot
auto_excluded_source_image,Curl,/content/drive/MyDrive/Papaya_Leaf_Disease_Classification/BDPapayaLeaf/Original Images/Curl/Curl(563).jpg,cross_class_sha1_conflict_kept_BacterialSpot
auto_excluded_source_image,Curl,/content/drive/MyDrive/Papaya_Leaf_Disease_Classification/BDPapayaLeaf/Original Images/Curl/Curl(564).jpg,cross_class_sha1_conflict_kept_BacterialSpot
auto_excluded_source_image,Curl,/content/drive/MyDrive/Papaya_Leaf_Disease_Classification/BDPapayaLeaf/Original Images/Curl/Curl(565).jpg,cross_class_sha1_conflict_kept_BacterialSpot
auto_excluded_source_image,Curl,/content/drive/MyDrive/Papaya_Leaf_Disease_Classification/BDPapayaLeaf/Original Images/Curl/Curl(566).jpg,cross_class_sha1_conflict_kept_BacterialSpot
auto_excluded_source_image,Curl,/content/drive/MyDrive/Papaya_Leaf_Disease_Classification/BDPapayaLeaf/Original Images/Curl/Curl(567).jpg,cross_class_sha1_conflict_kept_BacterialSpot
auto_excluded_source_image,Curl,/content/drive/MyDrive/Papaya_Leaf_Disease_Classification/BDPapayaLeaf/Original Images/Curl/Curl(569).jpg,cross_class_sha1_conflict_kept_BacterialSpot
auto_excluded_source_image,Curl,/content/drive/MyDrive/Papaya_Leaf_Disease_Classification/BDPapayaLeaf/Original Images/Curl/Curl(570).jpg,cross_class_sha1_conflict_kept_BacterialSpot
auto_excluded_source_image,Curl,/content/drive/MyDrive/Papaya_Leaf_Disease_Classification/BDPapayaLeaf/Original Images/Curl/Curl(571).jpg,cross_class_sha1_conflict_kept_BacterialSpot
auto_excluded_source_image,Curl,/content/drive/MyDrive/Papaya_Leaf_Disease_Classification/BDPapayaLeaf/Original Images/Curl/Curl(572).jpg,cross_class_sha1_conflict_kept_BacterialSpot
auto_excluded_source_image,Curl,/content/drive/MyDrive/Papaya_Leaf_Disease_Classification/BDPapayaLeaf/Original Images/Curl/Curl(573).jpg,cross_class_sha1_conflict_kept_BacterialSpot
auto_excluded_source_image,Curl,/content/drive/MyDrive/Papaya_Leaf_Disease_Classification/BDPapayaLeaf/Original Images/Curl/Curl(574).jpg,cross_class_sha1_conflict_kept_BacterialSpot
auto_excluded_source_image,Curl,/content/drive/MyDrive/Papaya_Leaf_Disease_Classification/BDPapayaLeaf/Original Images/Curl/Curl(575).jpg,cross_class_sha1_conflict_kept_BacterialSpot
auto_excluded_source_image,Curl,/content/drive/MyDrive/Papaya_Leaf_Disease_Classification/BDPapayaLeaf/Original Images/Curl/Curl(576).jpg,cross_class_sha1_conflict_kept_BacterialSpot
auto_excluded_source_image,Curl,/content/drive/MyDrive/Papaya_Leaf_Disease_Classification/BDPapayaLeaf/Original Images/Curl/Curl(577).jpg,cross_class_sha1_conflict_kept_BacterialSpot
auto_excluded_source_image,Curl,/content/drive/MyDrive/Papaya_Leaf_Disease_Classification/BDPapayaLeaf/Original Images/Curl/Curl(578).jpg,cross_class_sha1_conflict_kept_BacterialSpot
auto_excluded_source_image,Curl,/content/drive/MyDrive/Papaya_Leaf_Disease_Classification/BDPapayaLeaf/Original Images/Curl/Curl(579).jpg,cross_class_sha1_conflict_kept_BacterialSpot
auto_excluded_source_image,Curl,/content/drive/MyDrive/Papaya_Leaf_Disease_Classification/BDPapayaLeaf/Original Images/Curl/Curl(580).jpg,cross_class_sha1_conflict_kept_BacterialSpot
auto_excluded_source_image,Curl,/content/drive/MyDrive/Papaya_Leaf_Disease_Classification/BDPapayaLeaf/Original Images/Curl/Curl(581).jpg,cross_class_sha1_conflict_kept_BacterialSpot
auto_excluded_source_image,Curl,/content/drive/MyDrive/Papaya_Leaf_Disease_Classification/BDPapayaLeaf/Original Images/Curl/Curl(582).jpg,cross_class_sha1_conflict_kept_BacterialSpot
auto_excluded_source_image,Curl,/content/drive/MyDrive/Papaya_Leaf_Disease_Classification/BDPapayaLeaf/Original Images/Curl/Curl(583).jpg,cross_class_sha1_conflict_kept_BacterialSpot
auto_excluded_source_image,Curl,/content/drive/MyDrive/Papaya_Leaf_Disease_Classification/BDPapayaLeaf/Original Images/Curl/Curl(584).jpg,cross_class_sha1_conflict_kept_BacterialSpot
auto_excluded_source_image,Curl,/content/drive/MyDrive/Papaya_Leaf_Disease_Classification/BDPapayaLeaf/Original Images/Curl/Curl(585).jpg,cross_class_sha1_conflict_kept_BacterialSpot
