canonical_class,split_role,clean_image_path,clean_label_path,source_image_path,source_label_path,filename,num_boxes,width,height,split
Healthy,source_clean,/content/drive/MyDrive/Papaya_Leaf_Disease_Classification/prepared_data_v1/Dataset/Healthy/Images/Healthy_00216_Healthy_88.jpg,,/content/drive/MyDrive/Papaya_Leaf_Disease_Classification/BDPapayaLeaf/Original Images/Healthy/Healthy(88).jpg,,Healthy_00216_Healthy_88.jpg,0,640,480,train
Healthy,source_clean,/content/drive/MyDrive/Papaya_Leaf_Disease_Classification/prepared_data_v1/Dataset/Healthy/Images/Healthy_00067_Healthy_159.jpg,,/content/drive/MyDrive/Papaya_Leaf_Disease_Classification/BDPapayaLeaf/Original Images/Healthy/Healthy(159).jpg,,Healthy_00067_Healthy_159.jpg,0,640,480,train
Healthy,source_clean,/content/drive/MyDrive/Papaya_Leaf_Disease_Classification/prepared_data_v1/Dataset/Healthy/Images/Healthy_00010_Healthy_107.jpg,,/content/drive/MyDrive/Papaya_Leaf_Disease_Classification/BDPapayaLeaf/Original Images/Healthy/Healthy(107).jpg,,Healthy_00010_Healthy_107.jpg,0,640,480,train
Healthy,source_clean,/content/drive/MyDrive/Papaya_Leaf_Disease_Classification/prepared_data_v1/Dataset/Healthy/Images/Healthy_00201_Healthy_74.jpg,,/content/drive/MyDrive/Papaya_Leaf_Disease_Classification/BDPapayaLeaf/Original Images/Healthy/Healthy(74).jpg,,Healthy_00201_Healthy_74.jpg,0,640,480,train
Healthy,source_clean,/content/drive/MyDrive/Papaya_Leaf_Disease_Classification/prepared_data_v1/Dataset/Healthy/Images/Healthy_00016_Healthy_112.jpg,,/content/drive/MyDrive/Papaya_Leaf_Disease_Classification/BDPapayaLeaf/Original Images/Healthy/Healthy(112).jpg,,Healthy_00016_Healthy_112.jpg,0,640,480,train
Healthy,source_clean,/content/drive/MyDrive/Papaya_Leaf_Disease_Classification/prepared_data_v1/Dataset/Healthy/Images/Healthy_00198_Healthy_71.jpg,,/content/drive/MyDrive/Papaya_Leaf_Disease_Classification/BDPapayaLeaf/Original Images/Healthy/Healthy(71).jpg,,Healthy_00198_Healthy_71.jpg,0,640,480,train
Healthy,source_clean,/content/drive/MyDrive/Papaya_Leaf_Disease_Classification/prepared_data_v1/Dataset/Healthy/Images/Healthy_00026_Healthy_121.jpg,,/content/drive/MyDrive/Papaya_Leaf_Disease_Classification/BDPapayaLeaf/Original Images/Healthy/Healthy(121).jpg,,Healthy_00026_Healthy_121.jpg,0,640,480,train
Healthy,source_clean,/content/drive/MyDrive/Papaya_Leaf_Disease_Classification/prepared_data_v1/Dataset/Healthy/Images/Healthy_00194_Healthy_68.jpg,,/content/drive/MyDrive/Papaya_Leaf_Disease_Classification/BDPapayaLeaf/Original Images/Healthy/Healthy(68).jpg,,Healthy_00194_Healthy_68.jpg,0,640,480,train
Healthy,source_clean,/content/drive/MyDrive/Papaya_Leaf_Disease_Classification/prepared_data_v1/Dataset/Healthy/Images/Healthy_00155_Healthy_32.jpg,,/content/drive/MyDrive/Papaya_Leaf_Disease_Classification/BDPapayaLeaf/Original Images/Healthy/Healthy(32).jpg,,Healthy_00155_Healthy_32.jpg,0,640,480,train
Healthy,source_clean,/content/drive/MyDrive/Papaya_Leaf_Disease_Classification/prepared_data_v1/Dataset/Healthy/Images/Healthy_00127_Healthy_212.jpg,,/content/drive/MyDrive/Papaya_Leaf_Disease_Classification/BDPapayaLeaf/Original Images/Healthy/Healthy(212).jpg,,Healthy_00127_Healthy_212.jpg,0,640,480,train
Healthy,source_clean,/content/drive/MyDrive/Papaya_Leaf_Disease_Classification/prepared_data_v1/Dataset/Healthy/Images/Healthy_00213_Healthy_85.jpg,,/content/drive/MyDrive/Papaya_Leaf_Disease_Classification/BDPapayaLeaf/Original Images/Healthy/Healthy(85).jpg,,Healthy_00213_Healthy_85.jpg,0,640,480,train
Healthy,source_clean,/content/drive/MyDrive/Papaya_Leaf_Disease_Classification/prepared_data_v1/Dataset/Healthy/Images/Healthy_00020_Healthy_116.jpg,,/content/drive/MyDrive/Papaya_Leaf_Disease_Classification/BDPapayaLeaf/Original Images/Healthy/Healthy(116).jpg,,Healthy_00020_Healthy_116.jpg,0,640,480,train
Healthy,source_clean,/content/drive/MyDrive/Papaya_Leaf_Disease_Classification/prepared_data_v1/Dataset/Healthy/Images/Healthy_00097_Healthy_186.jpg,,/content/drive/MyDrive/Papaya_Leaf_Disease_Classification/BDPapayaLeaf/Original Images/Healthy/Healthy(186).jpg,,Healthy_00097_Healthy_186.jpg,0,640,480,train
Healthy,source_clean,/content/drive/MyDrive/Papaya_Leaf_Disease_Classification/prepared_data_v1/Dataset/Healthy/Images/Healthy_00178_Healthy_53.jpg,,/content/drive/MyDrive/Papaya_Leaf_Disease_Classification/BDPapayaLeaf/Original Images/Healthy/Healthy(53).jpg,,Healthy_00178_Healthy_53.jpg,0,640,480,train
Healthy,source_clean,/content/drive/MyDrive/Papaya_Leaf_Disease_Classification/prepared_data_v1/Dataset/Healthy/Images/Healthy_00222_Healthy_93.jpg,,/content/drive/MyDrive/Papaya_Leaf_Disease_Classification/BDPapayaLeaf/Original Images/Healthy/Healthy(93).jpg,,Healthy_00222_Healthy_93.jpg,0,640,480,train
Healthy,source_clean,/content/drive/MyDrive/Papaya_Leaf_Disease_Classification/prepared_data_v1/Dataset/Healthy/Images/Healthy_00138_Healthy_222.jpg,,/content/drive/MyDrive/Papaya_Leaf_Disease_Classification/BDPapayaLeaf/Original Images/Healthy/Healthy(222).jpg,,Healthy_00138_Healthy_222.jpg,0,640,480,train
Healthy,source_clean,/content/drive/MyDrive/Papaya_Leaf_Disease_Classification/prepared_data_v1/Dataset/Healthy/Images/Healthy_00147_Healthy_25.jpg,,/content/drive/MyDrive/Papaya_Leaf_Disease_Classification/BDPapayaLeaf/Original Images/Healthy/Healthy(25).jpg,,Healthy_00147_Healthy_25.jpg,0,640,480,train
Healthy,source_clean,/content/drive/MyDrive/Papaya_Leaf_Disease_Classification/prepared_data_v1/Dataset/Healthy/Images/Healthy_00031_Healthy_126.jpg,,/content/drive/MyDrive/Papaya_Leaf_Disease_Classification/BDPapayaLeaf/Original Images/Healthy/Healthy(126).jpg,,Healthy_00031_Healthy_126.jpg,0,640,480,train
Healthy,source_clean,/content/drive/MyDrive/Papaya_Leaf_Disease_Classification/prepared_data_v1/Dataset/Healthy/Images/Healthy_00224_Healthy_95.jpg,,/content/drive/MyDrive/Papaya_Leaf_Disease_Classification/BDPapayaLeaf/Original Images/Healthy/Healthy(95).jpg,,Healthy_00224_Healthy_95.jpg,0,640,480,train
Healthy,source_clean,/content/drive/MyDrive/Papaya_Leaf_Disease_Classification/prepared_data_v1/Dataset/Healthy/Images/Healthy_00185_Healthy_6.jpg,,/content/drive/MyDrive/Papaya_Leaf_Disease_Classification/BDPapayaLeaf/Original Images/Healthy/Healthy(6).jpg,,Healthy_00185_Healthy_6.jpg,0,640,480,train
Healthy,source_clean,/content/drive/MyDrive/Papaya_Leaf_Disease_Classification/prepared_data_v1/Dataset/Healthy/Images/Healthy_00109_Healthy_197.jpg,,/content/drive/MyDrive/Papaya_Leaf_Disease_Classification/BDPapayaLeaf/Original Images/Healthy/Healthy(197).jpg,,Healthy_00109_Healthy_197.jpg,0,640,480,train
Healthy,source_clean,/content/drive/MyDrive/Papaya_Leaf_Disease_Classification/prepared_data_v1/Dataset/Healthy/Images/Healthy_00163_Healthy_4.jpg,,/content/drive/MyDrive/Papaya_Leaf_Disease_Classification/BDPapayaLeaf/Original Images/Healthy/Healthy(4).jpg,,Healthy_00163_Healthy_4.jpg,0,640,480,train
Healthy,source_clean,/content/drive/MyDrive/Papaya_Leaf_Disease_Classification/prepared_data_v1/Dataset/Healthy/Images/Healthy_00217_Healthy_89.jpg,,/content/drive/MyDrive/Papaya_Leaf_Disease_Classification/BDPapayaLeaf/Original Images/Healthy/Healthy(89).jpg,,Healthy_00217_Healthy_89.jpg,0,640,480,train
Healthy,source_clean,/content/drive/MyDrive/Papaya_Leaf_Disease_Classification/prepared_data_v1/Dataset/Healthy/Images/Healthy_00181_Healthy_56.jpg,,/content/drive/MyDrive/Papaya_Leaf_Disease_Classification/BDPapayaLeaf/Original Images/Healthy/Healthy(56).jpg,,Healthy_00181_Healthy_56.jpg,0,640,480,train
Healthy,source_clean,/content/drive/MyDrive/Papaya_Leaf_Disease_Classification/prepared_data_v1/Dataset/Healthy/Images/Healthy_00126_Healthy_211.jpg,,/content/drive/MyDrive/Papaya_Leaf_Disease_Classification/BDPapayaLeaf/Original Images/Healthy/Healthy(211).jpg,,Healthy_00126_Healthy_211.jpg,0,640,480,train
Healthy,source_clean,/content/drive/MyDrive/Papaya_Leaf_Disease_Classification/prepared_data_v1/Dataset/Healthy/Images/Healthy_00019_Healthy_115.jpg,,/content/drive/MyDrive/Papaya_Leaf_Disease_Classification/BDPapayaLeaf/Original Images/Healthy/Healthy(115).jpg,,Healthy_00019_Healthy_115.jpg,0,640,480,train
Healthy,source_clean,/content/drive/MyDrive/Papaya_Leaf_Disease_Classification/prepared_data_v1/Dataset/Healthy/Images/Healthy_00148_Healthy_26.jpg,,/content/drive/MyDrive/Papaya_Leaf_Disease_Classification/BDPapayaLeaf/Original Images/Healthy/Healthy(26).jpg,,Healthy_00148_Healthy_26.jpg,0,640,480,train
Healthy,source_clean,/content/drive/MyDrive/Papaya_Leaf_Disease_Classification/prepared_data_v1/Dataset/Healthy/Images/Healthy_00102_Healthy_190.jpg,,/content/drive/MyDrive/Papaya_Leaf_Disease_Classification/BDPapayaLeaf/Original Images/Healthy/Healthy(190).jpg,,Healthy_00102_Healthy_190.jpg,0,640,480,train
Healthy,source_clean,/content/drive/MyDrive/Papaya_Leaf_Disease_Classification/prepared_data_v1/Dataset/Healthy/Images/Healthy_00105_Healthy_193.jpg,,/content/drive/MyDrive/Papaya_Leaf_Disease_Classification/BDPapayaLeaf/Original Images/Healthy/Healthy(193).jpg,,Healthy_00105_Healthy_193.jpg,0,640,480,train
Healthy,source_clean,/content/drive/MyDrive/Papaya_Leaf_Disease_Classification/prepared_data_v1/Dataset/Healthy/Images/Healthy_00085_Healthy_175.jpg,,/content/drive/MyDrive/Papaya_Leaf_Disease_Classification/BDPapayaLeaf/Original Images/Healthy/Healthy(175).jpg,,Healthy_00085_Healthy_175.jpg,0,640,480,train
Healthy,source_clean,/content/drive/MyDrive/Papaya_Leaf_Disease_Classification/prepared_data_v1/Dataset/Healthy/Images/Healthy_00196_Healthy_7.jpg,,/content/drive/MyDrive/Papaya_Leaf_Disease_Classification/BDPapayaLeaf/Original Images/Healthy/Healthy(7).jpg,,Healthy_00196_Healthy_7.jpg,0,640,480,train
Healthy,source_clean,/content/drive/MyDrive/Papaya_Leaf_Disease_Classification/prepared_data_v1/Dataset/Healthy/Images/Healthy_00061_Healthy_153.jpg,,/content/drive/MyDrive/Papaya_Leaf_Disease_Classification/BDPapayaLeaf/Original Images/Healthy/Healthy(153).jpg,,Healthy_00061_Healthy_153.jpg,0,640,480,train
Healthy,source_clean,/content/drive/MyDrive/Papaya_Leaf_Disease_Classification/prepared_data_v1/Dataset/Healthy/Images/Healthy_00119_Healthy_205.jpg,,/content/drive/MyDrive/Papaya_Leaf_Disease_Classification/BDPapayaLeaf/Original Images/Healthy/Healthy(205).jpg,,Healthy_00119_Healthy_205.jpg,0,640,480,train
Healthy,source_clean,/content/drive/MyDrive/Papaya_Leaf_Disease_Classification/prepared_data_v1/Dataset/Healthy/Images/Healthy_00046_Healthy_14.jpg,,/content/drive/MyDrive/Papaya_Leaf_Disease_Classification/BDPapayaLeaf/Original Images/Healthy/Healthy(14).jpg,,Healthy_00046_Healthy_14.jpg,0,640,480,train
Healthy,source_clean,/content/drive/MyDrive/Papaya_Leaf_Disease_Classification/prepared_data_v1/Dataset/Healthy/Images/Healthy_00017_Healthy_113.jpg,,/content/drive/MyDrive/Papaya_Leaf_Disease_Classification/BDPapayaLeaf/Original Images/Healthy/Healthy(113).jpg,,Healthy_00017_Healthy_113.jpg,0,640,480,train
Healthy,source_clean,/content/drive/MyDrive/Papaya_Leaf_Disease_Classification/prepared_data_v1/Dataset/Healthy/Images/Healthy_00128_Healthy_213.jpg,,/content/drive/MyDrive/Papaya_Leaf_Disease_Classification/BDPapayaLeaf/Original Images/Healthy/Healthy(213).jpg,,Healthy_00128_Healthy_213.jpg,0,640,480,train
Healthy,source_clean,/content/drive/MyDrive/Papaya_Leaf_Disease_Classification/prepared_data_v1/Dataset/Healthy/Images/Healthy_00160_Healthy_37.jpg,,/content/drive/MyDrive/Papaya_Leaf_Disease_Classification/BDPapayaLeaf/Original Images/Healthy/Healthy(37).jpg,,Healthy_00160_Healthy_37.jpg,0,640,480,train
Healthy,source_clean,/content/drive/MyDrive/Papaya_Leaf_Disease_Classification/prepared_data_v1/Dataset/Healthy/Images/Healthy_00120_Healthy_206.jpg,,/content/drive/MyDrive/Papaya_Leaf_Disease_Classification/BDPapayaLeaf/Original Images/Healthy/Healthy(206).jpg,,Healthy_00120_Healthy_206.jpg,0,640,480,train
Healthy,source_clean,/content/drive/MyDrive/Papaya_Leaf_Disease_Classification/prepared_data_v1/Dataset/Healthy/Images/Healthy_00083_Healthy_173.jpg,,/content/drive/MyDrive/Papaya_Leaf_Disease_Classification/BDPapayaLeaf/Original Images/Healthy/Healthy(173).jpg,,Healthy_00083_Healthy_173.jpg,0,640,480,train
Healthy,source_clean,/content/drive/MyDrive/Papaya_Leaf_Disease_Classification/prepared_data_v1/Dataset/Healthy/Images/Healthy_00145_Healthy_23.jpg,,/content/drive/MyDrive/Papaya_Leaf_Disease_Classification/BDPapayaLeaf/Original Images/Healthy/Healthy(23).jpg,,Healthy_00145_Healthy_23.jpg,0,640,480,train
Healthy,source_clean,/content/drive/MyDrive/Papaya_Leaf_Disease_Classification/prepared_data_v1/Dataset/Healthy/Images/Healthy_00094_Healthy_183.jpg,,/content/drive/MyDrive/Papaya_Leaf_Disease_Classification/BDPapayaLeaf/Original Images/Healthy/Healthy(183).jpg,,Healthy_00094_Healthy_183.jpg,0,640,480,train
Healthy,source_clean,/content/drive/MyDrive/Papaya_Leaf_Disease_Classification/prepared_data_v1/Dataset/Healthy/Images/Healthy_00169_Healthy_45.jpg,,/content/drive/MyDrive/Papaya_Leaf_Disease_Classification/BDPapayaLeaf/Original Images/Healthy/Healthy(45).jpg,,Healthy_00169_Healthy_45.jpg,0,640,480,train
Healthy,source_clean,/content/drive/MyDrive/Papaya_Leaf_Disease_Classification/prepared_data_v1/Dataset/Healthy/Images/Healthy_00144_Healthy_228.jpg,,/content/drive/MyDrive/Papaya_Leaf_Disease_Classification/BDPapayaLeaf/Original Images/Healthy/Healthy(228).jpg,,Healthy_00144_Healthy_228.jpg,0,640,480,train
Healthy,source_clean,/content/drive/MyDrive/Papaya_Leaf_Disease_Classification/prepared_data_v1/Dataset/Healthy/Images/Healthy_00074_Healthy_165.jpg,,/content/drive/MyDrive/Papaya_Leaf_Disease_Classification/BDPapayaLeaf/Original Images/Healthy/Healthy(165).jpg,,Healthy_00074_Healthy_165.jpg,0,640,480,train
Healthy,source_clean,/content/drive/MyDrive/Papaya_Leaf_Disease_Classification/prepared_data_v1/Dataset/Healthy/Images/Healthy_00114_Healthy_200.jpg,,/content/drive/MyDrive/Papaya_Leaf_Disease_Classification/BDPapayaLeaf/Original Images/Healthy/Healthy(200).jpg,,Healthy_00114_Healthy_200.jpg,0,640,480,train
Healthy,source_clean,/content/drive/MyDrive/Papaya_Leaf_Disease_Classification/prepared_data_v1/Dataset/Healthy/Images/Healthy_00113_Healthy_20.jpg,,/content/drive/MyDrive/Papaya_Leaf_Disease_Classification/BDPapayaLeaf/Original Images/Healthy/Healthy(20).jpg,,Healthy_00113_Healthy_20.jpg,0,640,480,train
Healthy,source_clean,/content/drive/MyDrive/Papaya_Leaf_Disease_Classification/prepared_data_v1/Dataset/Healthy/Images/Healthy_00151_Healthy_29.jpg,,/content/drive/MyDrive/Papaya_Leaf_Disease_Classification/BDPapayaLeaf/Original Images/Healthy/Healthy(29).jpg,,Healthy_00151_Healthy_29.jpg,0,640,480,train
Healthy,source_clean,/content/drive/MyDrive/Papaya_Leaf_Disease_Classification/prepared_data_v1/Dataset/Healthy/Images/Healthy_00056_Healthy_149.jpg,,/content/drive/MyDrive/Papaya_Leaf_Disease_Classification/BDPapayaLeaf/Original Images/Healthy/Healthy(149).jpg,,Healthy_00056_Healthy_149.jpg,0,640,480,train
Healthy,source_clean,/content/drive/MyDrive/Papaya_Leaf_Disease_Classification/prepared_data_v1/Dataset/Healthy/Images/Healthy_00166_Healthy_42.jpg,,/content/drive/MyDrive/Papaya_Leaf_Disease_Classification/BDPapayaLeaf/Original Images/Healthy/Healthy(42).jpg,,Healthy_00166_Healthy_42.jpg,0,640,480,train
Healthy,source_clean,/content/drive/MyDrive/Papaya_Leaf_Disease_Classification/prepared_data_v1/Dataset/Healthy/Images/Healthy_00070_Healthy_161.jpg,,/content/drive/MyDrive/Papaya_Leaf_Disease_Classification/BDPapayaLeaf/Original Images/Healthy/Healthy(161).jpg,,Healthy_00070_Healthy_161.jpg,0,640,480,train
Healthy,source_clean,/content/drive/MyDrive/Papaya_Leaf_Disease_Classification/prepared_data_v1/Dataset/Healthy/Images/Healthy_00168_Healthy_44.jpg,,/content/drive/MyDrive/Papaya_Leaf_Disease_Classification/BDPapayaLeaf/Original Images/Healthy/Healthy(44).jpg,,Healthy_00168_Healthy_44.jpg,0,640,480,train
Healthy,source_clean,/content/drive/MyDrive/Papaya_Leaf_Disease_Classification/prepared_data_v1/Dataset/Healthy/Images/Healthy_00110_Healthy_198.jpg,,/content/drive/MyDrive/Papaya_Leaf_Disease_Classification/BDPapayaLeaf/Original Images/Healthy/Healthy(198).jpg,,Healthy_00110_Healthy_198.jpg,0,640,480,train
Healthy,source_clean,/content/drive/MyDrive/Papaya_Leaf_Disease_Classification/prepared_data_v1/Dataset/Healthy/Images/Healthy_00125_Healthy_210.jpg,,/content/drive/MyDrive/Papaya_Leaf_Disease_Classification/BDPapayaLeaf/Original Images/Healthy/Healthy(210).jpg,,Healthy_00125_Healthy_210.jpg,0,640,480,train
Healthy,source_clean,/content/drive/MyDrive/Papaya_Leaf_Disease_Classification/prepared_data_v1/Dataset/Healthy/Images/Healthy_00080_Healthy_170.jpg,,/content/drive/MyDrive/Papaya_Leaf_Disease_Classification/BDPapayaLeaf/Original Images/Healthy/Healthy(170).jpg,,Healthy_00080_Healthy_170.jpg,0,640,480,train
Healthy,source_clean,/content/drive/MyDrive/Papaya_Leaf_Disease_Classification/prepared_data_v1/Dataset/Healthy/Images/Healthy_00087_Healthy_177.jpg,,/content/drive/MyDrive/Papaya_Leaf_Disease_Classification/BDPapayaLeaf/Original Images/Healthy/Healthy(177).jpg,,Healthy_00087_Healthy_177.jpg,0,640,480,train
Healthy,source_clean,/content/drive/MyDrive/Papaya_Leaf_Disease_Classification/prepared_data_v1/Dataset/Healthy/Images/Healthy_00096_Healthy_185.jpg,,/content/drive/MyDrive/Papaya_Leaf_Disease_Classification/BDPapayaLeaf/Original Images/Healthy/Healthy(185).jpg,,Healthy_00096_Healthy_185.jpg,0,640,480,train
Healthy,source_clean,/content/drive/MyDrive/Papaya_Leaf_Disease_Classification/prepared_data_v1/Dataset/Healthy/Images/Healthy_00212_Healthy_84.jpg,,/content/drive/MyDrive/Papaya_Leaf_Disease_Classification/BDPapayaLeaf/Original Images/Healthy/Healthy(84).jpg,,Healthy_00212_Healthy_84.jpg,0,640,480,train
Healthy,source_clean,/content/drive/MyDrive/Papaya_Leaf_Disease_Classification/prepared_data_v1/Dataset/Healthy/Images/Healthy_00118_Healthy_204.jpg,,/content/drive/MyDrive/Papaya_Leaf_Disease_Classification/BDPapayaLeaf/Original Images/Healthy/Healthy(204).jpg,,Healthy_00118_Healthy_204.jpg,0,640,480,train
Healthy,source_clean,/content/drive/MyDrive/Papaya_Leaf_Disease_Classification/prepared_data_v1/Dataset/Healthy/Images/Healthy_00039_Healthy_133.jpg,,/content/drive/MyDrive/Papaya_Leaf_Disease_Classification/BDPapayaLeaf/Original Images/Healthy/Healthy(133).jpg,,Healthy_00039_Healthy_133.jpg,0,640,480,train
Healthy,source_clean,/content/drive/MyDrive/Papaya_Leaf_Disease_Classification/prepared_data_v1/Dataset/Healthy/Images/Healthy_00025_Healthy_120.jpg,,/content/drive/MyDrive/Papaya_Leaf_Disease_Classification/BDPapayaLeaf/Original Images/Healthy/Healthy(120).jpg,,Healthy_00025_Healthy_120.jpg,0,640,480,train
Healthy,source_clean,/content/drive/MyDrive/Papaya_Leaf_Disease_Classification/prepared_data_v1/Dataset/Healthy/Images/Healthy_00068_Healthy_16.jpg,,/content/drive/MyDrive/Papaya_Leaf_Disease_Classification/BDPapayaLeaf/Original Images/Healthy/Healthy(16).jpg,,Healthy_00068_Healthy_16.jpg,0,640,480,train
Healthy,source_clean,/content/drive/MyDrive/Papaya_Leaf_Disease_Classification/prepared_data_v1/Dataset/Healthy/Images/Healthy_00186_Healthy_60.jpg,,/content/drive/MyDrive/Papaya_Leaf_Disease_Classification/BDPapayaLeaf/Original Images/Healthy/Healthy(60).jpg,,Healthy_00186_Healthy_60.jpg,0,640,480,train
Healthy,source_clean,/content/drive/MyDrive/Papaya_Leaf_Disease_Classification/prepared_data_v1/Dataset/Healthy/Images/Healthy_00197_Healthy_70.jpg,,/content/drive/MyDrive/Papaya_Leaf_Disease_Classification/BDPapayaLeaf/Original Images/Healthy/Healthy(70).jpg,,Healthy_00197_Healthy_70.jpg,0,640,480,train
Healthy,source_clean,/content/drive/MyDrive/Papaya_Leaf_Disease_Classification/prepared_data_v1/Dataset/Healthy/Images/Healthy_00011_Healthy_108.jpg,,/content/drive/MyDrive/Papaya_Leaf_Disease_Classification/BDPapayaLeaf/Original Images/Healthy/Healthy(108).jpg,,Healthy_00011_Healthy_108.jpg,0,640,480,train
Healthy,source_clean,/content/drive/MyDrive/Papaya_Leaf_Disease_Classification/prepared_data_v1/Dataset/Healthy/Images/Healthy_00121_Healthy_207.jpg,,/content/drive/MyDrive/Papaya_Leaf_Disease_Classification/BDPapayaLeaf/Original Images/Healthy/Healthy(207).jpg,,Healthy_00121_Healthy_207.jpg,0,640,480,train
Healthy,source_clean,/content/drive/MyDrive/Papaya_Leaf_Disease_Classification/prepared_data_v1/Dataset/Healthy/Images/Healthy_00030_Healthy_125.jpg,,/content/drive/MyDrive/Papaya_Leaf_Disease_Classification/BDPapayaLeaf/Original Images/Healthy/Healthy(125).jpg,,Healthy_00030_Healthy_125.jpg,0,640,480,train
Healthy,source_clean,/content/drive/MyDrive/Papaya_Leaf_Disease_Classification/prepared_data_v1/Dataset/Healthy/Images/Healthy_00154_Healthy_31.jpg,,/content/drive/MyDrive/Papaya_Leaf_Disease_Classification/BDPapayaLeaf/Original Images/Healthy/Healthy(31).jpg,,Healthy_00154_Healthy_31.jpg,0,640,480,train
Healthy,source_clean,/content/drive/MyDrive/Papaya_Leaf_Disease_Classification/prepared_data_v1/Dataset/Healthy/Images/Healthy_00069_Healthy_160.jpg,,/content/drive/MyDrive/Papaya_Leaf_Disease_Classification/BDPapayaLeaf/Original Images/Healthy/Healthy(160).jpg,,Healthy_00069_Healthy_160.jpg,0,640,480,train
Healthy,source_clean,/content/drive/MyDrive/Papaya_Leaf_Disease_Classification/prepared_data_v1/Dataset/Healthy/Images/Healthy_00076_Healthy_167.jpg,,/content/drive/MyDrive/Papaya_Leaf_Disease_Classification/BDPapayaLeaf/Original Images/Healthy/Healthy(167).jpg,,Healthy_00076_Healthy_167.jpg,0,640,480,train
Healthy,source_clean,/content/drive/MyDrive/Papaya_Leaf_Disease_Classification/prepared_data_v1/Dataset/Healthy/Images/Healthy_00006_Healthy_103.jpg,,/content/drive/MyDrive/Papaya_Leaf_Disease_Classification/BDPapayaLeaf/Original Images/Healthy/Healthy(103).jpg,,Healthy_00006_Healthy_103.jpg,0,640,480,train
Healthy,source_clean,/content/drive/MyDrive/Papaya_Leaf_Disease_Classification/prepared_data_v1/Dataset/Healthy/Images/Healthy_00057_Healthy_15.jpg,,/content/drive/MyDrive/Papaya_Leaf_Disease_Classification/BDPapayaLeaf/Original Images/Healthy/Healthy(15).jpg,,Healthy_00057_Healthy_15.jpg,0,640,480,train
Healthy,source_clean,/content/drive/MyDrive/Papaya_Leaf_Disease_Classification/prepared_data_v1/Dataset/Healthy/Images/Healthy_00115_Healthy_201.jpg,,/content/drive/MyDrive/Papaya_Leaf_Disease_Classification/BDPapayaLeaf/Original Images/Healthy/Healthy(201).jpg,,Healthy_00115_Healthy_201.jpg,0,640,480,train
Healthy,source_clean,/content/drive/MyDrive/Papaya_Leaf_Disease_Classification/prepared_data_v1/Dataset/Healthy/Images/Healthy_00140_Healthy_224.jpg,,/content/drive/MyDrive/Papaya_Leaf_Disease_Classification/BDPapayaLeaf/Original Images/Healthy/Healthy(224).jpg,,Healthy_00140_Healthy_224.jpg,0,640,480,train
Healthy,source_clean,/content/drive/MyDrive/Papaya_Leaf_Disease_Classification/prepared_data_v1/Dataset/Healthy/Images/Healthy_00187_Healthy_61.jpg,,/content/drive/MyDrive/Papaya_Leaf_Disease_Classification/BDPapayaLeaf/Original Images/Healthy/Healthy(61).jpg,,Healthy_00187_Healthy_61.jpg,0,640,480,train
Healthy,source_clean,/content/drive/MyDrive/Papaya_Leaf_Disease_Classification/prepared_data_v1/Dataset/Healthy/Images/Healthy_00066_Healthy_158.jpg,,/content/drive/MyDrive/Papaya_Leaf_Disease_Classification/BDPapayaLeaf/Original Images/Healthy/Healthy(158).jpg,,Healthy_00066_Healthy_158.jpg,0,640,480,train
Healthy,source_clean,/content/drive/MyDrive/Papaya_Leaf_Disease_Classification/prepared_data_v1/Dataset/Healthy/Images/Healthy_00143_Healthy_227.jpg,,/content/drive/MyDrive/Papaya_Leaf_Disease_Classification/BDPapayaLeaf/Original Images/Healthy/Healthy(227).jpg,,Healthy_00143_Healthy_227.jpg,0,640,480,train
Healthy,source_clean,/content/drive/MyDrive/Papaya_Leaf_Disease_Classification/prepared_data_v1/Dataset/Healthy/Images/Healthy_00193_Healthy_67.jpg,,/content/drive/MyDrive/Papaya_Leaf_Disease_Classification/BDPapayaLeaf/Original Images/Healthy/Healthy(67).jpg,,Healthy_00193_Healthy_67.jpg,0,640,480,train
Healthy,source_clean,/content/drive/MyDrive/Papaya_Leaf_Disease_Classification/prepared_data_v1/Dataset/Healthy/Images/Healthy_00137_Healthy_221.jpg,,/content/drive/MyDrive/Papaya_Leaf_Disease_Classification/BDPapayaLeaf/Original Images/Healthy/Healthy(221).jpg,,Healthy_00137_Healthy_221.jpg,0,640,480,train
Healthy,source_clean,/content/drive/MyDrive/Papaya_Leaf_Disease_Classification/prepared_data_v1/Dataset/Healthy/Images/Healthy_00032_Healthy_127.jpg,,/content/drive/MyDrive/Papaya_Leaf_Disease_Classification/BDPapayaLeaf/Original Images/Healthy/Healthy(127).jpg,,Healthy_00032_Healthy_127.jpg,0,640,480,train
Healthy,source_clean,/content/drive/MyDrive/Papaya_Leaf_Disease_Classification/prepared_data_v1/Dataset/Healthy/Images/Healthy_00013_Healthy_11.jpg,,/content/drive/MyDrive/Papaya_Leaf_Disease_Classification/BDPapayaLeaf/Original Images/Healthy/Healthy(11).jpg,,Healthy_00013_Healthy_11.jpg,0,640,480,train
Healthy,source_clean,/content/drive/MyDrive/Papaya_Leaf_Disease_Classification/prepared_data_v1/Dataset/Healthy/Images/Healthy_00036_Healthy_130.jpg,,/content/drive/MyDrive/Papaya_Leaf_Disease_Classification/BDPapayaLeaf/Original Images/Healthy/Healthy(130).jpg,,Healthy_00036_Healthy_130.jpg,0,640,480,train
Healthy,source_clean,/content/drive/MyDrive/Papaya_Leaf_Disease_Classification/prepared_data_v1/Dataset/Healthy/Images/Healthy_00029_Healthy_124.jpg,,/content/drive/MyDrive/Papaya_Leaf_Disease_Classification/BDPapayaLeaf/Original Images/Healthy/Healthy(124).jpg,,Healthy_00029_Healthy_124.jpg,0,640,480,train
Healthy,source_clean,/content/drive/MyDrive/Papaya_Leaf_Disease_Classification/prepared_data_v1/Dataset/Healthy/Images/Healthy_00043_Healthy_137.jpg,,/content/drive/MyDrive/Papaya_Leaf_Disease_Classification/BDPapayaLeaf/Original Images/Healthy/Healthy(137).jpg,,Healthy_00043_Healthy_137.jpg,0,640,480,train
Healthy,source_clean,/content/drive/MyDrive/Papaya_Leaf_Disease_Classification/prepared_data_v1/Dataset/Healthy/Images/Healthy_00226_Healthy_97.jpg,,/content/drive/MyDrive/Papaya_Leaf_Disease_Classification/BDPapayaLeaf/Original Images/Healthy/Healthy(97).jpg,,Healthy_00226_Healthy_97.jpg,0,640,480,train
Healthy,source_clean,/content/drive/MyDrive/Papaya_Leaf_Disease_Classification/prepared_data_v1/Dataset/Healthy/Images/Healthy_00116_Healthy_202.jpg,,/content/drive/MyDrive/Papaya_Leaf_Disease_Classification/BDPapayaLeaf/Original Images/Healthy/Healthy(202).jpg,,Healthy_00116_Healthy_202.jpg,0,640,480,train
Healthy,source_clean,/content/drive/MyDrive/Papaya_Leaf_Disease_Classification/prepared_data_v1/Dataset/Healthy/Images/Healthy_00156_Healthy_33.jpg,,/content/drive/MyDrive/Papaya_Leaf_Disease_Classification/BDPapayaLeaf/Original Images/Healthy/Healthy(33).jpg,,Healthy_00156_Healthy_33.jpg,0,640,480,train
Healthy,source_clean,/content/drive/MyDrive/Papaya_Leaf_Disease_Classification/prepared_data_v1/Dataset/Healthy/Images/Healthy_00052_Healthy_145.jpg,,/content/drive/MyDrive/Papaya_Leaf_Disease_Classification/BDPapayaLeaf/Original Images/Healthy/Healthy(145).jpg,,Healthy_00052_Healthy_145.jpg,0,640,480,train
Healthy,source_clean,/content/drive/MyDrive/Papaya_Leaf_Disease_Classification/prepared_data_v1/Dataset/Healthy/Images/Healthy_00133_Healthy_218.jpg,,/content/drive/MyDrive/Papaya_Leaf_Disease_Classification/BDPapayaLeaf/Original Images/Healthy/Healthy(218).jpg,,Healthy_00133_Healthy_218.jpg,0,640,480,train
Healthy,source_clean,/content/drive/MyDrive/Papaya_Leaf_Disease_Classification/prepared_data_v1/Dataset/Healthy/Images/Healthy_00183_Healthy_58.jpg,,/content/drive/MyDrive/Papaya_Leaf_Disease_Classification/BDPapayaLeaf/Original Images/Healthy/Healthy(58).jpg,,Healthy_00183_Healthy_58.jpg,0,640,480,train
Healthy,source_clean,/content/drive/MyDrive/Papaya_Leaf_Disease_Classification/prepared_data_v1/Dataset/Healthy/Images/Healthy_00077_Healthy_168.jpg,,/content/drive/MyDrive/Papaya_Leaf_Disease_Classification/BDPapayaLeaf/Original Images/Healthy/Healthy(168).jpg,,Healthy_00077_Healthy_168.jpg,0,640,480,train
Healthy,source_clean,/content/drive/MyDrive/Papaya_Leaf_Disease_Classification/prepared_data_v1/Dataset/Healthy/Images/Healthy_00042_Healthy_136.jpg,,/content/drive/MyDrive/Papaya_Leaf_Disease_Classification/BDPapayaLeaf/Original Images/Healthy/Healthy(136).jpg,,Healthy_00042_Healthy_136.jpg,0,640,480,train
Healthy,source_clean,/content/drive/MyDrive/Papaya_Leaf_Disease_Classification/prepared_data_v1/Dataset/Healthy/Images/Healthy_00098_Healthy_187.jpg,,/content/drive/MyDrive/Papaya_Leaf_Disease_Classification/BDPapayaLeaf/Original Images/Healthy/Healthy(187).jpg,,Healthy_00098_Healthy_187.jpg,0,640,480,train
Healthy,source_clean,/content/drive/MyDrive/Papaya_Leaf_Disease_Classification/prepared_data_v1/Dataset/Healthy/Images/Healthy_00141_Healthy_225.jpg,,/content/drive/MyDrive/Papaya_Leaf_Disease_Classification/BDPapayaLeaf/Original Images/Healthy/Healthy(225).jpg,,Healthy_00141_Healthy_225.jpg,0,640,480,train
Healthy,source_clean,/content/drive/MyDrive/Papaya_Leaf_Disease_Classification/prepared_data_v1/Dataset/Healthy/Images/Healthy_00079_Healthy_17.jpg,,/content/drive/MyDrive/Papaya_Leaf_Disease_Classification/BDPapayaLeaf/Original Images/Healthy/Healthy(17).jpg,,Healthy_00079_Healthy_17.jpg,0,640,480,train
Healthy,source_clean,/content/drive/MyDrive/Papaya_Leaf_Disease_Classification/prepared_data_v1/Dataset/Healthy/Images/Healthy_00136_Healthy_220.jpg,,/content/drive/MyDrive/Papaya_Leaf_Disease_Classification/BDPapayaLeaf/Original Images/Healthy/Healthy(220).jpg,,Healthy_00136_Healthy_220.jpg,0,640,480,train
Healthy,source_clean,/content/drive/MyDrive/Papaya_Leaf_Disease_Classification/prepared_data_v1/Dataset/Healthy/Images/Healthy_00027_Healthy_122.jpg,,/content/drive/MyDrive/Papaya_Leaf_Disease_Classification/BDPapayaLeaf/Original Images/Healthy/Healthy(122).jpg,,Healthy_00027_Healthy_122.jpg,0,640,480,train
Healthy,source_clean,/content/drive/MyDrive/Papaya_Leaf_Disease_Classification/prepared_data_v1/Dataset/Healthy/Images/Healthy_00210_Healthy_82.jpg,,/content/drive/MyDrive/Papaya_Leaf_Disease_Classification/BDPapayaLeaf/Original Images/Healthy/Healthy(82).jpg,,Healthy_00210_Healthy_82.jpg,0,640,480,train
Healthy,source_clean,/content/drive/MyDrive/Papaya_Leaf_Disease_Classification/prepared_data_v1/Dataset/Healthy/Images/Healthy_00172_Healthy_48.jpg,,/content/drive/MyDrive/Papaya_Leaf_Disease_Classification/BDPapayaLeaf/Original Images/Healthy/Healthy(48).jpg,,Healthy_00172_Healthy_48.jpg,0,640,480,train
Healthy,source_clean,/content/drive/MyDrive/Papaya_Leaf_Disease_Classification/prepared_data_v1/Dataset/Healthy/Images/Healthy_00159_Healthy_36.jpg,,/content/drive/MyDrive/Papaya_Leaf_Disease_Classification/BDPapayaLeaf/Original Images/Healthy/Healthy(36).jpg,,Healthy_00159_Healthy_36.jpg,0,640,480,train
Healthy,source_clean,/content/drive/MyDrive/Papaya_Leaf_Disease_Classification/prepared_data_v1/Dataset/Healthy/Images/Healthy_00001_Healthy_1.jpg,,/content/drive/MyDrive/Papaya_Leaf_Disease_Classification/BDPapayaLeaf/Original Images/Healthy/Healthy(1).jpg,,Healthy_00001_Healthy_1.jpg,0,640,480,train
Healthy,source_clean,/content/drive/MyDrive/Papaya_Leaf_Disease_Classification/prepared_data_v1/Dataset/Healthy/Images/Healthy_00003_Healthy_100.jpg,,/content/drive/MyDrive/Papaya_Leaf_Disease_Classification/BDPapayaLeaf/Original Images/Healthy/Healthy(100).jpg,,Healthy_00003_Healthy_100.jpg,0,640,480,train
Healthy,source_clean,/content/drive/MyDrive/Papaya_Leaf_Disease_Classification/prepared_data_v1/Dataset/Healthy/Images/Healthy_00078_Healthy_169.jpg,,/content/drive/MyDrive/Papaya_Leaf_Disease_Classification/BDPapayaLeaf/Original Images/Healthy/Healthy(169).jpg,,Healthy_00078_Healthy_169.jpg,0,640,480,train
Healthy,source_clean,/content/drive/MyDrive/Papaya_Leaf_Disease_Classification/prepared_data_v1/Dataset/Healthy/Images/Healthy_00047_Healthy_140.jpg,,/content/drive/MyDrive/Papaya_Leaf_Disease_Classification/BDPapayaLeaf/Original Images/Healthy/Healthy(140).jpg,,Healthy_00047_Healthy_140.jpg,0,640,480,train
Healthy,source_clean,/content/drive/MyDrive/Papaya_Leaf_Disease_Classification/prepared_data_v1/Dataset/Healthy/Images/Healthy_00101_Healthy_19.jpg,,/content/drive/MyDrive/Papaya_Leaf_Disease_Classification/BDPapayaLeaf/Original Images/Healthy/Healthy(19).jpg,,Healthy_00101_Healthy_19.jpg,0,640,480,train
Healthy,source_clean,/content/drive/MyDrive/Papaya_Leaf_Disease_Classification/prepared_data_v1/Dataset/Healthy/Images/Healthy_00112_Healthy_2.jpg,,/content/drive/MyDrive/Papaya_Leaf_Disease_Classification/BDPapayaLeaf/Original Images/Healthy/Healthy(2).jpg,,Healthy_00112_Healthy_2.jpg,0,640,480,train
Healthy,source_clean,/content/drive/MyDrive/Papaya_Leaf_Disease_Classification/prepared_data_v1/Dataset/Healthy/Images/Healthy_00139_Healthy_223.jpg,,/content/drive/MyDrive/Papaya_Leaf_Disease_Classification/BDPapayaLeaf/Original Images/Healthy/Healthy(223).jpg,,Healthy_00139_Healthy_223.jpg,0,640,480,train
Healthy,source_clean,/content/drive/MyDrive/Papaya_Leaf_Disease_Classification/prepared_data_v1/Dataset/Healthy/Images/Healthy_00165_Healthy_41.jpg,,/content/drive/MyDrive/Papaya_Leaf_Disease_Classification/BDPapayaLeaf/Original Images/Healthy/Healthy(41).jpg,,Healthy_00165_Healthy_41.jpg,0,640,480,train
Healthy,source_clean,/content/drive/MyDrive/Papaya_Leaf_Disease_Classification/prepared_data_v1/Dataset/Healthy/Images/Healthy_00091_Healthy_180.jpg,,/content/drive/MyDrive/Papaya_Leaf_Disease_Classification/BDPapayaLeaf/Original Images/Healthy/Healthy(180).jpg,,Healthy_00091_Healthy_180.jpg,0,640,480,train
Healthy,source_clean,/content/drive/MyDrive/Papaya_Leaf_Disease_Classification/prepared_data_v1/Dataset/Healthy/Images/Healthy_00086_Healthy_176.jpg,,/content/drive/MyDrive/Papaya_Leaf_Disease_Classification/BDPapayaLeaf/Original Images/Healthy/Healthy(176).jpg,,Healthy_00086_Healthy_176.jpg,0,640,480,train
Healthy,source_clean,/content/drive/MyDrive/Papaya_Leaf_Disease_Classification/prepared_data_v1/Dataset/Healthy/Images/Healthy_00162_Healthy_39.jpg,,/content/drive/MyDrive/Papaya_Leaf_Disease_Classification/BDPapayaLeaf/Original Images/Healthy/Healthy(39).jpg,,Healthy_00162_Healthy_39.jpg,0,640,480,train
Healthy,source_clean,/content/drive/MyDrive/Papaya_Leaf_Disease_Classification/prepared_data_v1/Dataset/Healthy/Images/Healthy_00153_Healthy_30.jpg,,/content/drive/MyDrive/Papaya_Leaf_Disease_Classification/BDPapayaLeaf/Original Images/Healthy/Healthy(30).jpg,,Healthy_00153_Healthy_30.jpg,0,640,480,train
Healthy,source_clean,/content/drive/MyDrive/Papaya_Leaf_Disease_Classification/prepared_data_v1/Dataset/Healthy/Images/Healthy_00099_Healthy_188.jpg,,/content/drive/MyDrive/Papaya_Leaf_Disease_Classification/BDPapayaLeaf/Original Images/Healthy/Healthy(188).jpg,,Healthy_00099_Healthy_188.jpg,0,640,480,train
Healthy,source_clean,/content/drive/MyDrive/Papaya_Leaf_Disease_Classification/prepared_data_v1/Dataset/Healthy/Images/Healthy_00037_Healthy_131.jpg,,/content/drive/MyDrive/Papaya_Leaf_Disease_Classification/BDPapayaLeaf/Original Images/Healthy/Healthy(131).jpg,,Healthy_00037_Healthy_131.jpg,0,640,480,train
Healthy,source_clean,/content/drive/MyDrive/Papaya_Leaf_Disease_Classification/prepared_data_v1/Dataset/Healthy/Images/Healthy_00182_Healthy_57.jpg,,/content/drive/MyDrive/Papaya_Leaf_Disease_Classification/BDPapayaLeaf/Original Images/Healthy/Healthy(57).jpg,,Healthy_00182_Healthy_57.jpg,0,640,480,train
Healthy,source_clean,/content/drive/MyDrive/Papaya_Leaf_Disease_Classification/prepared_data_v1/Dataset/Healthy/Images/Healthy_00062_Healthy_154.jpg,,/content/drive/MyDrive/Papaya_Leaf_Disease_Classification/BDPapayaLeaf/Original Images/Healthy/Healthy(154).jpg,,Healthy_00062_Healthy_154.jpg,0,640,480,train
Healthy,source_clean,/content/drive/MyDrive/Papaya_Leaf_Disease_Classification/prepared_data_v1/Dataset/Healthy/Images/Healthy_00023_Healthy_119.jpg,,/content/drive/MyDrive/Papaya_Leaf_Disease_Classification/BDPapayaLeaf/Original Images/Healthy/Healthy(119).jpg,,Healthy_00023_Healthy_119.jpg,0,640,480,train
Healthy,source_clean,/content/drive/MyDrive/Papaya_Leaf_Disease_Classification/prepared_data_v1/Dataset/Healthy/Images/Healthy_00208_Healthy_80.jpg,,/content/drive/MyDrive/Papaya_Leaf_Disease_Classification/BDPapayaLeaf/Original Images/Healthy/Healthy(80).jpg,,Healthy_00208_Healthy_80.jpg,0,640,480,train
Healthy,source_clean,/content/drive/MyDrive/Papaya_Leaf_Disease_Classification/prepared_data_v1/Dataset/Healthy/Images/Healthy_00184_Healthy_59.jpg,,/content/drive/MyDrive/Papaya_Leaf_Disease_Classification/BDPapayaLeaf/Original Images/Healthy/Healthy(59).jpg,,Healthy_00184_Healthy_59.jpg,0,640,480,train
Healthy,source_clean,/content/drive/MyDrive/Papaya_Leaf_Disease_Classification/prepared_data_v1/Dataset/Healthy/Images/Healthy_00034_Healthy_129.jpg,,/content/drive/MyDrive/Papaya_Leaf_Disease_Classification/BDPapayaLeaf/Original Images/Healthy/Healthy(129).jpg,,Healthy_00034_Healthy_129.jpg,0,640,480,train
Healthy,source_clean,/content/drive/MyDrive/Papaya_Leaf_Disease_Classification/prepared_data_v1/Dataset/Healthy/Images/Healthy_00012_Healthy_109.jpg,,/content/drive/MyDrive/Papaya_Leaf_Disease_Classification/BDPapayaLeaf/Original Images/Healthy/Healthy(109).jpg,,Healthy_00012_Healthy_109.jpg,0,640,480,train
Healthy,source_clean,/content/drive/MyDrive/Papaya_Leaf_Disease_Classification/prepared_data_v1/Dataset/Healthy/Images/Healthy_00223_Healthy_94.jpg,,/content/drive/MyDrive/Papaya_Leaf_Disease_Classification/BDPapayaLeaf/Original Images/Healthy/Healthy(94).jpg,,Healthy_00223_Healthy_94.jpg,0,640,480,train
Healthy,source_clean,/content/drive/MyDrive/Papaya_Leaf_Disease_Classification/prepared_data_v1/Dataset/Healthy/Images/Healthy_00227_Healthy_98.jpg,,/content/drive/MyDrive/Papaya_Leaf_Disease_Classification/BDPapayaLeaf/Original Images/Healthy/Healthy(98).jpg,,Healthy_00227_Healthy_98.jpg,0,640,480,train
Healthy,source_clean,/content/drive/MyDrive/Papaya_Leaf_Disease_Classification/prepared_data_v1/Dataset/Healthy/Images/Healthy_00007_Healthy_104.jpg,,/content/drive/MyDrive/Papaya_Leaf_Disease_Classification/BDPapayaLeaf/Original Images/Healthy/Healthy(104).jpg,,Healthy_00007_Healthy_104.jpg,0,640,480,train
Healthy,source_clean,/content/drive/MyDrive/Papaya_Leaf_Disease_Classification/prepared_data_v1/Dataset/Healthy/Images/Healthy_00028_Healthy_123.jpg,,/content/drive/MyDrive/Papaya_Leaf_Disease_Classification/BDPapayaLeaf/Original Images/Healthy/Healthy(123).jpg,,Healthy_00028_Healthy_123.jpg,0,640,480,train
Healthy,source_clean,/content/drive/MyDrive/Papaya_Leaf_Disease_Classification/prepared_data_v1/Dataset/Healthy/Images/Healthy_00142_Healthy_226.jpg,,/content/drive/MyDrive/Papaya_Leaf_Disease_Classification/BDPapayaLeaf/Original Images/Healthy/Healthy(226).jpg,,Healthy_00142_Healthy_226.jpg,0,640,480,train
Healthy,source_clean,/content/drive/MyDrive/Papaya_Leaf_Disease_Classification/prepared_data_v1/Dataset/Healthy/Images/Healthy_00219_Healthy_90.jpg,,/content/drive/MyDrive/Papaya_Leaf_Disease_Classification/BDPapayaLeaf/Original Images/Healthy/Healthy(90).jpg,,Healthy_00219_Healthy_90.jpg,0,640,480,train
Healthy,source_clean,/content/drive/MyDrive/Papaya_Leaf_Disease_Classification/prepared_data_v1/Dataset/Healthy/Images/Healthy_00220_Healthy_91.jpg,,/content/drive/MyDrive/Papaya_Leaf_Disease_Classification/BDPapayaLeaf/Original Images/Healthy/Healthy(91).jpg,,Healthy_00220_Healthy_91.jpg,0,640,480,train
Healthy,source_clean,/content/drive/MyDrive/Papaya_Leaf_Disease_Classification/prepared_data_v1/Dataset/Healthy/Images/Healthy_00157_Healthy_34.jpg,,/content/drive/MyDrive/Papaya_Leaf_Disease_Classification/BDPapayaLeaf/Original Images/Healthy/Healthy(34).jpg,,Healthy_00157_Healthy_34.jpg,0,640,480,train
Healthy,source_clean,/content/drive/MyDrive/Papaya_Leaf_Disease_Classification/prepared_data_v1/Dataset/Healthy/Images/Healthy_00005_Healthy_102.jpg,,/content/drive/MyDrive/Papaya_Leaf_Disease_Classification/BDPapayaLeaf/Original Images/Healthy/Healthy(102).jpg,,Healthy_00005_Healthy_102.jpg,0,640,480,train
Healthy,source_clean,/content/drive/MyDrive/Papaya_Leaf_Disease_Classification/prepared_data_v1/Dataset/Healthy/Images/Healthy_00123_Healthy_209.jpg,,/content/drive/MyDrive/Papaya_Leaf_Disease_Classification/BDPapayaLeaf/Original Images/Healthy/Healthy(209).jpg,,Healthy_00123_Healthy_209.jpg,0,640,480,train
Healthy,source_clean,/content/drive/MyDrive/Papaya_Leaf_Disease_Classification/prepared_data_v1/Dataset/Healthy/Images/Healthy_00033_Healthy_128.jpg,,/content/drive/MyDrive/Papaya_Leaf_Disease_Classification/BDPapayaLeaf/Original Images/Healthy/Healthy(128).jpg,,Healthy_00033_Healthy_128.jpg,0,640,480,train
Healthy,source_clean,/content/drive/MyDrive/Papaya_Leaf_Disease_Classification/prepared_data_v1/Dataset/Healthy/Images/Healthy_00164_Healthy_40.jpg,,/content/drive/MyDrive/Papaya_Leaf_Disease_Classification/BDPapayaLeaf/Original Images/Healthy/Healthy(40).jpg,,Healthy_00164_Healthy_40.jpg,0,640,480,train
Healthy,source_clean,/content/drive/MyDrive/Papaya_Leaf_Disease_Classification/prepared_data_v1/Dataset/Healthy/Images/Healthy_00063_Healthy_155.jpg,,/content/drive/MyDrive/Papaya_Leaf_Disease_Classification/BDPapayaLeaf/Original Images/Healthy/Healthy(155).jpg,,Healthy_00063_Healthy_155.jpg,0,640,480,train
Healthy,source_clean,/content/drive/MyDrive/Papaya_Leaf_Disease_Classification/prepared_data_v1/Dataset/Healthy/Images/Healthy_00129_Healthy_214.jpg,,/content/drive/MyDrive/Papaya_Leaf_Disease_Classification/BDPapayaLeaf/Original Images/Healthy/Healthy(214).jpg,,Healthy_00129_Healthy_214.jpg,0,640,480,train
Healthy,source_clean,/content/drive/MyDrive/Papaya_Leaf_Disease_Classification/prepared_data_v1/Dataset/Healthy/Images/Healthy_00205_Healthy_78.jpg,,/content/drive/MyDrive/Papaya_Leaf_Disease_Classification/BDPapayaLeaf/Original Images/Healthy/Healthy(78).jpg,,Healthy_00205_Healthy_78.jpg,0,640,480,train
Healthy,source_clean,/content/drive/MyDrive/Papaya_Leaf_Disease_Classification/prepared_data_v1/Dataset/Healthy/Images/Healthy_00173_Healthy_49.jpg,,/content/drive/MyDrive/Papaya_Leaf_Disease_Classification/BDPapayaLeaf/Original Images/Healthy/Healthy(49).jpg,,Healthy_00173_Healthy_49.jpg,0,640,480,train
Healthy,source_clean,/content/drive/MyDrive/Papaya_Leaf_Disease_Classification/prepared_data_v1/Dataset/Healthy/Images/Healthy_00071_Healthy_162.jpg,,/content/drive/MyDrive/Papaya_Leaf_Disease_Classification/BDPapayaLeaf/Original Images/Healthy/Healthy(162).jpg,,Healthy_00071_Healthy_162.jpg,0,640,480,train
Healthy,source_clean,/content/drive/MyDrive/Papaya_Leaf_Disease_Classification/prepared_data_v1/Dataset/Healthy/Images/Healthy_00176_Healthy_51.jpg,,/content/drive/MyDrive/Papaya_Leaf_Disease_Classification/BDPapayaLeaf/Original Images/Healthy/Healthy(51).jpg,,Healthy_00176_Healthy_51.jpg,0,640,480,train
Healthy,source_clean,/content/drive/MyDrive/Papaya_Leaf_Disease_Classification/prepared_data_v1/Dataset/Healthy/Images/Healthy_00065_Healthy_157.jpg,,/content/drive/MyDrive/Papaya_Leaf_Disease_Classification/BDPapayaLeaf/Original Images/Healthy/Healthy(157).jpg,,Healthy_00065_Healthy_157.jpg,0,640,480,train
Healthy,source_clean,/content/drive/MyDrive/Papaya_Leaf_Disease_Classification/prepared_data_v1/Dataset/Healthy/Images/Healthy_00045_Healthy_139.jpg,,/content/drive/MyDrive/Papaya_Leaf_Disease_Classification/BDPapayaLeaf/Original Images/Healthy/Healthy(139).jpg,,Healthy_00045_Healthy_139.jpg,0,640,480,train
Healthy,source_clean,/content/drive/MyDrive/Papaya_Leaf_Disease_Classification/prepared_data_v1/Dataset/Healthy/Images/Healthy_00149_Healthy_27.jpg,,/content/drive/MyDrive/Papaya_Leaf_Disease_Classification/BDPapayaLeaf/Original Images/Healthy/Healthy(27).jpg,,Healthy_00149_Healthy_27.jpg,0,640,480,train
Healthy,source_clean,/content/drive/MyDrive/Papaya_Leaf_Disease_Classification/prepared_data_v1/Dataset/Healthy/Images/Healthy_00041_Healthy_135.jpg,,/content/drive/MyDrive/Papaya_Leaf_Disease_Classification/BDPapayaLeaf/Original Images/Healthy/Healthy(135).jpg,,Healthy_00041_Healthy_135.jpg,0,640,480,train
Healthy,source_clean,/content/drive/MyDrive/Papaya_Leaf_Disease_Classification/prepared_data_v1/Dataset/Healthy/Images/Healthy_00124_Healthy_21.jpg,,/content/drive/MyDrive/Papaya_Leaf_Disease_Classification/BDPapayaLeaf/Original Images/Healthy/Healthy(21).jpg,,Healthy_00124_Healthy_21.jpg,0,640,480,train
Healthy,source_clean,/content/drive/MyDrive/Papaya_Leaf_Disease_Classification/prepared_data_v1/Dataset/Healthy/Images/Healthy_00024_Healthy_12.jpg,,/content/drive/MyDrive/Papaya_Leaf_Disease_Classification/BDPapayaLeaf/Original Images/Healthy/Healthy(12).jpg,,Healthy_00024_Healthy_12.jpg,0,640,480,train
Healthy,source_clean,/content/drive/MyDrive/Papaya_Leaf_Disease_Classification/prepared_data_v1/Dataset/Healthy/Images/Healthy_00171_Healthy_47.jpg,,/content/drive/MyDrive/Papaya_Leaf_Disease_Classification/BDPapayaLeaf/Original Images/Healthy/Healthy(47).jpg,,Healthy_00171_Healthy_47.jpg,0,640,480,train
Healthy,source_clean,/content/drive/MyDrive/Papaya_Leaf_Disease_Classification/prepared_data_v1/Dataset/Healthy/Images/Healthy_00179_Healthy_54.jpg,,/content/drive/MyDrive/Papaya_Leaf_Disease_Classification/BDPapayaLeaf/Original Images/Healthy/Healthy(54).jpg,,Healthy_00179_Healthy_54.jpg,0,640,480,train
Healthy,source_clean,/content/drive/MyDrive/Papaya_Leaf_Disease_Classification/prepared_data_v1/Dataset/Healthy/Images/Healthy_00082_Healthy_172.jpg,,/content/drive/MyDrive/Papaya_Leaf_Disease_Classification/BDPapayaLeaf/Original Images/Healthy/Healthy(172).jpg,,Healthy_00082_Healthy_172.jpg,0,640,480,train
Healthy,source_clean,/content/drive/MyDrive/Papaya_Leaf_Disease_Classification/prepared_data_v1/Dataset/Healthy/Images/Healthy_00040_Healthy_134.jpg,,/content/drive/MyDrive/Papaya_Leaf_Disease_Classification/BDPapayaLeaf/Original Images/Healthy/Healthy(134).jpg,,Healthy_00040_Healthy_134.jpg,0,640,480,train
Healthy,source_clean,/content/drive/MyDrive/Papaya_Leaf_Disease_Classification/prepared_data_v1/Dataset/Healthy/Images/Healthy_00190_Healthy_64.jpg,,/content/drive/MyDrive/Papaya_Leaf_Disease_Classification/BDPapayaLeaf/Original Images/Healthy/Healthy(64).jpg,,Healthy_00190_Healthy_64.jpg,0,640,480,train
Healthy,source_clean,/content/drive/MyDrive/Papaya_Leaf_Disease_Classification/prepared_data_v1/Dataset/Healthy/Images/Healthy_00048_Healthy_141.jpg,,/content/drive/MyDrive/Papaya_Leaf_Disease_Classification/BDPapayaLeaf/Original Images/Healthy/Healthy(141).jpg,,Healthy_00048_Healthy_141.jpg,0,640,480,train
Healthy,source_clean,/content/drive/MyDrive/Papaya_Leaf_Disease_Classification/prepared_data_v1/Dataset/Healthy/Images/Healthy_00095_Healthy_184.jpg,,/content/drive/MyDrive/Papaya_Leaf_Disease_Classification/BDPapayaLeaf/Original Images/Healthy/Healthy(184).jpg,,Healthy_00095_Healthy_184.jpg,0,640,480,train
Healthy,source_clean,/content/drive/MyDrive/Papaya_Leaf_Disease_Classification/prepared_data_v1/Dataset/Healthy/Images/Healthy_00174_Healthy_5.jpg,,/content/drive/MyDrive/Papaya_Leaf_Disease_Classification/BDPapayaLeaf/Original Images/Healthy/Healthy(5).jpg,,Healthy_00174_Healthy_5.jpg,0,640,480,train
Healthy,source_clean,/content/drive/MyDrive/Papaya_Leaf_Disease_Classification/prepared_data_v1/Dataset/Healthy/Images/Healthy_00044_Healthy_138.jpg,,/content/drive/MyDrive/Papaya_Leaf_Disease_Classification/BDPapayaLeaf/Original Images/Healthy/Healthy(138).jpg,,Healthy_00044_Healthy_138.jpg,0,640,480,train
Healthy,source_clean,/content/drive/MyDrive/Papaya_Leaf_Disease_Classification/prepared_data_v1/Dataset/Healthy/Images/Healthy_00146_Healthy_24.jpg,,/content/drive/MyDrive/Papaya_Leaf_Disease_Classification/BDPapayaLeaf/Original Images/Healthy/Healthy(24).jpg,,Healthy_00146_Healthy_24.jpg,0,640,480,train
Healthy,source_clean,/content/drive/MyDrive/Papaya_Leaf_Disease_Classification/prepared_data_v1/Dataset/Healthy/Images/Healthy_00204_Healthy_77.jpg,,/content/drive/MyDrive/Papaya_Leaf_Disease_Classification/BDPapayaLeaf/Original Images/Healthy/Healthy(77).jpg,,Healthy_00204_Healthy_77.jpg,0,640,480,train
Healthy,source_clean,/content/drive/MyDrive/Papaya_Leaf_Disease_Classification/prepared_data_v1/Dataset/Healthy/Images/Healthy_00004_Healthy_101.jpg,,/content/drive/MyDrive/Papaya_Leaf_Disease_Classification/BDPapayaLeaf/Original Images/Healthy/Healthy(101).jpg,,Healthy_00004_Healthy_101.jpg,0,640,480,train
Healthy,source_clean,/content/drive/MyDrive/Papaya_Leaf_Disease_Classification/prepared_data_v1/Dataset/Healthy/Images/Healthy_00106_Healthy_194.jpg,,/content/drive/MyDrive/Papaya_Leaf_Disease_Classification/BDPapayaLeaf/Original Images/Healthy/Healthy(194).jpg,,Healthy_00106_Healthy_194.jpg,0,640,480,train
Healthy,source_clean,/content/drive/MyDrive/Papaya_Leaf_Disease_Classification/prepared_data_v1/Dataset/Healthy/Images/Healthy_00054_Healthy_147.jpg,,/content/drive/MyDrive/Papaya_Leaf_Disease_Classification/BDPapayaLeaf/Original Images/Healthy/Healthy(147).jpg,,Healthy_00054_Healthy_147.jpg,0,640,480,train
Healthy,source_clean,/content/drive/MyDrive/Papaya_Leaf_Disease_Classification/prepared_data_v1/Dataset/Healthy/Images/Healthy_00134_Healthy_219.jpg,,/content/drive/MyDrive/Papaya_Leaf_Disease_Classification/BDPapayaLeaf/Original Images/Healthy/Healthy(219).jpg,,Healthy_00134_Healthy_219.jpg,0,640,480,train
Healthy,source_clean,/content/drive/MyDrive/Papaya_Leaf_Disease_Classification/prepared_data_v1/Dataset/Healthy/Images/Healthy_00206_Healthy_79.jpg,,/content/drive/MyDrive/Papaya_Leaf_Disease_Classification/BDPapayaLeaf/Original Images/Healthy/Healthy(79).jpg,,Healthy_00206_Healthy_79.jpg,0,640,480,train
Healthy,source_clean,/content/drive/MyDrive/Papaya_Leaf_Disease_Classification/prepared_data_v1/Dataset/Healthy/Images/Healthy_00177_Healthy_52.jpg,,/content/drive/MyDrive/Papaya_Leaf_Disease_Classification/BDPapayaLeaf/Original Images/Healthy/Healthy(52).jpg,,Healthy_00177_Healthy_52.jpg,0,640,480,val
Healthy,source_clean,/content/drive/MyDrive/Papaya_Leaf_Disease_Classification/prepared_data_v1/Dataset/Healthy/Images/Healthy_00218_Healthy_9.jpg,,/content/drive/MyDrive/Papaya_Leaf_Disease_Classification/BDPapayaLeaf/Original Images/Healthy/Healthy(9).jpg,,Healthy_00218_Healthy_9.jpg,0,640,480,val
Healthy,source_clean,/content/drive/MyDrive/Papaya_Leaf_Disease_Classification/prepared_data_v1/Dataset/Healthy/Images/Healthy_00050_Healthy_143.jpg,,/content/drive/MyDrive/Papaya_Leaf_Disease_Classification/BDPapayaLeaf/Original Images/Healthy/Healthy(143).jpg,,Healthy_00050_Healthy_143.jpg,0,640,480,val
Healthy,source_clean,/content/drive/MyDrive/Papaya_Leaf_Disease_Classification/prepared_data_v1/Dataset/Healthy/Images/Healthy_00081_Healthy_171.jpg,,/content/drive/MyDrive/Papaya_Leaf_Disease_Classification/BDPapayaLeaf/Original Images/Healthy/Healthy(171).jpg,,Healthy_00081_Healthy_171.jpg,0,640,480,val
Healthy,source_clean,/content/drive/MyDrive/Papaya_Leaf_Disease_Classification/prepared_data_v1/Dataset/Healthy/Images/Healthy_00035_Healthy_13.jpg,,/content/drive/MyDrive/Papaya_Leaf_Disease_Classification/BDPapayaLeaf/Original Images/Healthy/Healthy(13).jpg,,Healthy_00035_Healthy_13.jpg,0,640,480,val
Healthy,source_clean,/content/drive/MyDrive/Papaya_Leaf_Disease_Classification/prepared_data_v1/Dataset/Healthy/Images/Healthy_00008_Healthy_105.jpg,,/content/drive/MyDrive/Papaya_Leaf_Disease_Classification/BDPapayaLeaf/Original Images/Healthy/Healthy(105).jpg,,Healthy_00008_Healthy_105.jpg,0,640,480,val
Healthy,source_clean,/content/drive/MyDrive/Papaya_Leaf_Disease_Classification/prepared_data_v1/Dataset/Healthy/Images/Healthy_00111_Healthy_199.jpg,,/content/drive/MyDrive/Papaya_Leaf_Disease_Classification/BDPapayaLeaf/Original Images/Healthy/Healthy(199).jpg,,Healthy_00111_Healthy_199.jpg,0,640,480,val
Healthy,source_clean,/content/drive/MyDrive/Papaya_Leaf_Disease_Classification/prepared_data_v1/Dataset/Healthy/Images/Healthy_00092_Healthy_181.jpg,,/content/drive/MyDrive/Papaya_Leaf_Disease_Classification/BDPapayaLeaf/Original Images/Healthy/Healthy(181).jpg,,Healthy_00092_Healthy_181.jpg,0,640,480,val
Healthy,source_clean,/content/drive/MyDrive/Papaya_Leaf_Disease_Classification/prepared_data_v1/Dataset/Healthy/Images/Healthy_00084_Healthy_174.jpg,,/content/drive/MyDrive/Papaya_Leaf_Disease_Classification/BDPapayaLeaf/Original Images/Healthy/Healthy(174).jpg,,Healthy_00084_Healthy_174.jpg,0,640,480,val
Healthy,source_clean,/content/drive/MyDrive/Papaya_Leaf_Disease_Classification/prepared_data_v1/Dataset/Healthy/Images/Healthy_00202_Healthy_75.jpg,,/content/drive/MyDrive/Papaya_Leaf_Disease_Classification/BDPapayaLeaf/Original Images/Healthy/Healthy(75).jpg,,Healthy_00202_Healthy_75.jpg,0,640,480,val
Healthy,source_clean,/content/drive/MyDrive/Papaya_Leaf_Disease_Classification/prepared_data_v1/Dataset/Healthy/Images/Healthy_00207_Healthy_8.jpg,,/content/drive/MyDrive/Papaya_Leaf_Disease_Classification/BDPapayaLeaf/Original Images/Healthy/Healthy(8).jpg,,Healthy_00207_Healthy_8.jpg,0,640,480,val
Healthy,source_clean,/content/drive/MyDrive/Papaya_Leaf_Disease_Classification/prepared_data_v1/Dataset/Healthy/Images/Healthy_00090_Healthy_18.jpg,,/content/drive/MyDrive/Papaya_Leaf_Disease_Classification/BDPapayaLeaf/Original Images/Healthy/Healthy(18).jpg,,Healthy_00090_Healthy_18.jpg,0,640,480,val
Healthy,source_clean,/content/drive/MyDrive/Papaya_Leaf_Disease_Classification/prepared_data_v1/Dataset/Healthy/Images/Healthy_00009_Healthy_106.jpg,,/content/drive/MyDrive/Papaya_Leaf_Disease_Classification/BDPapayaLeaf/Original Images/Healthy/Healthy(106).jpg,,Healthy_00009_Healthy_106.jpg,0,640,480,val
Healthy,source_clean,/content/drive/MyDrive/Papaya_Leaf_Disease_Classification/prepared_data_v1/Dataset/Healthy/Images/Healthy_00014_Healthy_110.jpg,,/content/drive/MyDrive/Papaya_Leaf_Disease_Classification/BDPapayaLeaf/Original Images/Healthy/Healthy(110).jpg,,Healthy_00014_Healthy_110.jpg,0,640,480,val
Healthy,source_clean,/content/drive/MyDrive/Papaya_Leaf_Disease_Classification/prepared_data_v1/Dataset/Healthy/Images/Healthy_00060_Healthy_152.jpg,,/content/drive/MyDrive/Papaya_Leaf_Disease_Classification/BDPapayaLeaf/Original Images/Healthy/Healthy(152).jpg,,Healthy_00060_Healthy_152.jpg,0,640,480,val
Healthy,source_clean,/content/drive/MyDrive/Papaya_Leaf_Disease_Classification/prepared_data_v1/Dataset/Healthy/Images/Healthy_00195_Healthy_69.jpg,,/content/drive/MyDrive/Papaya_Leaf_Disease_Classification/BDPapayaLeaf/Original Images/Healthy/Healthy(69).jpg,,Healthy_00195_Healthy_69.jpg,0,640,480,val
Healthy,source_clean,/content/drive/MyDrive/Papaya_Leaf_Disease_Classification/prepared_data_v1/Dataset/Healthy/Images/Healthy_00132_Healthy_217.jpg,,/content/drive/MyDrive/Papaya_Leaf_Disease_Classification/BDPapayaLeaf/Original Images/Healthy/Healthy(217).jpg,,Healthy_00132_Healthy_217.jpg,0,640,480,val
Healthy,source_clean,/content/drive/MyDrive/Papaya_Leaf_Disease_Classification/prepared_data_v1/Dataset/Healthy/Images/Healthy_00018_Healthy_114.jpg,,/content/drive/MyDrive/Papaya_Leaf_Disease_Classification/BDPapayaLeaf/Original Images/Healthy/Healthy(114).jpg,,Healthy_00018_Healthy_114.jpg,0,640,480,val
Healthy,source_clean,/content/drive/MyDrive/Papaya_Leaf_Disease_Classification/prepared_data_v1/Dataset/Healthy/Images/Healthy_00167_Healthy_43.jpg,,/content/drive/MyDrive/Papaya_Leaf_Disease_Classification/BDPapayaLeaf/Original Images/Healthy/Healthy(43).jpg,,Healthy_00167_Healthy_43.jpg,0,640,480,val
Healthy,source_clean,/content/drive/MyDrive/Papaya_Leaf_Disease_Classification/prepared_data_v1/Dataset/Healthy/Images/Healthy_00073_Healthy_164.jpg,,/content/drive/MyDrive/Papaya_Leaf_Disease_Classification/BDPapayaLeaf/Original Images/Healthy/Healthy(164).jpg,,Healthy_00073_Healthy_164.jpg,0,640,480,val
Healthy,source_clean,/content/drive/MyDrive/Papaya_Leaf_Disease_Classification/prepared_data_v1/Dataset/Healthy/Images/Healthy_00199_Healthy_72.jpg,,/content/drive/MyDrive/Papaya_Leaf_Disease_Classification/BDPapayaLeaf/Original Images/Healthy/Healthy(72).jpg,,Healthy_00199_Healthy_72.jpg,0,640,480,val
Healthy,source_clean,/content/drive/MyDrive/Papaya_Leaf_Disease_Classification/prepared_data_v1/Dataset/Healthy/Images/Healthy_00135_Healthy_22.jpg,,/content/drive/MyDrive/Papaya_Leaf_Disease_Classification/BDPapayaLeaf/Original Images/Healthy/Healthy(22).jpg,,Healthy_00135_Healthy_22.jpg,0,640,480,val
Healthy,source_clean,/content/drive/MyDrive/Papaya_Leaf_Disease_Classification/prepared_data_v1/Dataset/Healthy/Images/Healthy_00191_Healthy_65.jpg,,/content/drive/MyDrive/Papaya_Leaf_Disease_Classification/BDPapayaLeaf/Original Images/Healthy/Healthy(65).jpg,,Healthy_00191_Healthy_65.jpg,0,640,480,val
Healthy,source_clean,/content/drive/MyDrive/Papaya_Leaf_Disease_Classification/prepared_data_v1/Dataset/Healthy/Images/Healthy_00209_Healthy_81.jpg,,/content/drive/MyDrive/Papaya_Leaf_Disease_Classification/BDPapayaLeaf/Original Images/Healthy/Healthy(81).jpg,,Healthy_00209_Healthy_81.jpg,0,640,480,val
Healthy,source_clean,/content/drive/MyDrive/Papaya_Leaf_Disease_Classification/prepared_data_v1/Dataset/Healthy/Images/Healthy_00064_Healthy_156.jpg,,/content/drive/MyDrive/Papaya_Leaf_Disease_Classification/BDPapayaLeaf/Original Images/Healthy/Healthy(156).jpg,,Healthy_00064_Healthy_156.jpg,0,640,480,val
Healthy,source_clean,/content/drive/MyDrive/Papaya_Leaf_Disease_Classification/prepared_data_v1/Dataset/Healthy/Images/Healthy_00055_Healthy_148.jpg,,/content/drive/MyDrive/Papaya_Leaf_Disease_Classification/BDPapayaLeaf/Original Images/Healthy/Healthy(148).jpg,,Healthy_00055_Healthy_148.jpg,0,640,480,val
Healthy,source_clean,/content/drive/MyDrive/Papaya_Leaf_Disease_Classification/prepared_data_v1/Dataset/Healthy/Images/Healthy_00108_Healthy_196.jpg,,/content/drive/MyDrive/Papaya_Leaf_Disease_Classification/BDPapayaLeaf/Original Images/Healthy/Healthy(196).jpg,,Healthy_00108_Healthy_196.jpg,0,640,480,val
Healthy,source_clean,/content/drive/MyDrive/Papaya_Leaf_Disease_Classification/prepared_data_v1/Dataset/Healthy/Images/Healthy_00051_Healthy_144.jpg,,/content/drive/MyDrive/Papaya_Leaf_Disease_Classification/BDPapayaLeaf/Original Images/Healthy/Healthy(144).jpg,,Healthy_00051_Healthy_144.jpg,0,640,480,val
Healthy,source_clean,/content/drive/MyDrive/Papaya_Leaf_Disease_Classification/prepared_data_v1/Dataset/Healthy/Images/Healthy_00175_Healthy_50.jpg,,/content/drive/MyDrive/Papaya_Leaf_Disease_Classification/BDPapayaLeaf/Original Images/Healthy/Healthy(50).jpg,,Healthy_00175_Healthy_50.jpg,0,640,480,val
Healthy,source_clean,/content/drive/MyDrive/Papaya_Leaf_Disease_Classification/prepared_data_v1/Dataset/Healthy/Images/Healthy_00225_Healthy_96.jpg,,/content/drive/MyDrive/Papaya_Leaf_Disease_Classification/BDPapayaLeaf/Original Images/Healthy/Healthy(96).jpg,,Healthy_00225_Healthy_96.jpg,0,640,480,val
Healthy,source_clean,/content/drive/MyDrive/Papaya_Leaf_Disease_Classification/prepared_data_v1/Dataset/Healthy/Images/Healthy_00200_Healthy_73.jpg,,/content/drive/MyDrive/Papaya_Leaf_Disease_Classification/BDPapayaLeaf/Original Images/Healthy/Healthy(73).jpg,,Healthy_00200_Healthy_73.jpg,0,640,480,val
Healthy,source_clean,/content/drive/MyDrive/Papaya_Leaf_Disease_Classification/prepared_data_v1/Dataset/Healthy/Images/Healthy_00170_Healthy_46.jpg,,/content/drive/MyDrive/Papaya_Leaf_Disease_Classification/BDPapayaLeaf/Original Images/Healthy/Healthy(46).jpg,,Healthy_00170_Healthy_46.jpg,0,640,480,val
Healthy,source_clean,/content/drive/MyDrive/Papaya_Leaf_Disease_Classification/prepared_data_v1/Dataset/Healthy/Images/Healthy_00059_Healthy_151.jpg,,/content/drive/MyDrive/Papaya_Leaf_Disease_Classification/BDPapayaLeaf/Original Images/Healthy/Healthy(151).jpg,,Healthy_00059_Healthy_151.jpg,0,640,480,val
Healthy,source_clean,/content/drive/MyDrive/Papaya_Leaf_Disease_Classification/prepared_data_v1/Dataset/Healthy/Images/Healthy_00049_Healthy_142.jpg,,/content/drive/MyDrive/Papaya_Leaf_Disease_Classification/BDPapayaLeaf/Original Images/Healthy/Healthy(142).jpg,,Healthy_00049_Healthy_142.jpg,0,640,480,val
Healthy,source_clean,/content/drive/MyDrive/Papaya_Leaf_Disease_Classification/prepared_data_v1/Dataset/Healthy/Images/Healthy_00089_Healthy_179.jpg,,/content/drive/MyDrive/Papaya_Leaf_Disease_Classification/BDPapayaLeaf/Original Images/Healthy/Healthy(179).jpg,,Healthy_00089_Healthy_179.jpg,0,640,480,test
Healthy,source_clean,/content/drive/MyDrive/Papaya_Leaf_Disease_Classification/prepared_data_v1/Dataset/Healthy/Images/Healthy_00022_Healthy_118.jpg,,/content/drive/MyDrive/Papaya_Leaf_Disease_Classification/BDPapayaLeaf/Original Images/Healthy/Healthy(118).jpg,,Healthy_00022_Healthy_118.jpg,0,640,480,test
Healthy,source_clean,/content/drive/MyDrive/Papaya_Leaf_Disease_Classification/prepared_data_v1/Dataset/Healthy/Images/Healthy_00058_Healthy_150.jpg,,/content/drive/MyDrive/Papaya_Leaf_Disease_Classification/BDPapayaLeaf/Original Images/Healthy/Healthy(150).jpg,,Healthy_00058_Healthy_150.jpg,0,640,480,test
Healthy,source_clean,/content/drive/MyDrive/Papaya_Leaf_Disease_Classification/prepared_data_v1/Dataset/Healthy/Images/Healthy_00161_Healthy_38.jpg,,/content/drive/MyDrive/Papaya_Leaf_Disease_Classification/BDPapayaLeaf/Original Images/Healthy/Healthy(38).jpg,,Healthy_00161_Healthy_38.jpg,0,640,480,test
Healthy,source_clean,/content/drive/MyDrive/Papaya_Leaf_Disease_Classification/prepared_data_v1/Dataset/Healthy/Images/Healthy_00221_Healthy_92.jpg,,/content/drive/MyDrive/Papaya_Leaf_Disease_Classification/BDPapayaLeaf/Original Images/Healthy/Healthy(92).jpg,,Healthy_00221_Healthy_92.jpg,0,640,480,test
Healthy,source_clean,/content/drive/MyDrive/Papaya_Leaf_Disease_Classification/prepared_data_v1/Dataset/Healthy/Images/Healthy_00188_Healthy_62.jpg,,/content/drive/MyDrive/Papaya_Leaf_Disease_Classification/BDPapayaLeaf/Original Images/Healthy/Healthy(62).jpg,,Healthy_00188_Healthy_62.jpg,0,640,480,test
Healthy,source_clean,/content/drive/MyDrive/Papaya_Leaf_Disease_Classification/prepared_data_v1/Dataset/Healthy/Images/Healthy_00192_Healthy_66.jpg,,/content/drive/MyDrive/Papaya_Leaf_Disease_Classification/BDPapayaLeaf/Original Images/Healthy/Healthy(66).jpg,,Healthy_00192_Healthy_66.jpg,0,640,480,test
Healthy,source_clean,/content/drive/MyDrive/Papaya_Leaf_Disease_Classification/prepared_data_v1/Dataset/Healthy/Images/Healthy_00130_Healthy_215.jpg,,/content/drive/MyDrive/Papaya_Leaf_Disease_Classification/BDPapayaLeaf/Original Images/Healthy/Healthy(215).jpg,,Healthy_00130_Healthy_215.jpg,0,640,480,test
Healthy,source_clean,/content/drive/MyDrive/Papaya_Leaf_Disease_Classification/prepared_data_v1/Dataset/Healthy/Images/Healthy_00038_Healthy_132.jpg,,/content/drive/MyDrive/Papaya_Leaf_Disease_Classification/BDPapayaLeaf/Original Images/Healthy/Healthy(132).jpg,,Healthy_00038_Healthy_132.jpg,0,640,480,test
Healthy,source_clean,/content/drive/MyDrive/Papaya_Leaf_Disease_Classification/prepared_data_v1/Dataset/Healthy/Images/Healthy_00158_Healthy_35.jpg,,/content/drive/MyDrive/Papaya_Leaf_Disease_Classification/BDPapayaLeaf/Original Images/Healthy/Healthy(35).jpg,,Healthy_00158_Healthy_35.jpg,0,640,480,test
Healthy,source_clean,/content/drive/MyDrive/Papaya_Leaf_Disease_Classification/prepared_data_v1/Dataset/Healthy/Images/Healthy_00214_Healthy_86.jpg,,/content/drive/MyDrive/Papaya_Leaf_Disease_Classification/BDPapayaLeaf/Original Images/Healthy/Healthy(86).jpg,,Healthy_00214_Healthy_86.jpg,0,640,480,test
Healthy,source_clean,/content/drive/MyDrive/Papaya_Leaf_Disease_Classification/prepared_data_v1/Dataset/Healthy/Images/Healthy_00002_Healthy_10.jpg,,/content/drive/MyDrive/Papaya_Leaf_Disease_Classification/BDPapayaLeaf/Original Images/Healthy/Healthy(10).jpg,,Healthy_00002_Healthy_10.jpg,0,640,480,test
Healthy,source_clean,/content/drive/MyDrive/Papaya_Leaf_Disease_Classification/prepared_data_v1/Dataset/Healthy/Images/Healthy_00053_Healthy_146.jpg,,/content/drive/MyDrive/Papaya_Leaf_Disease_Classification/BDPapayaLeaf/Original Images/Healthy/Healthy(146).jpg,,Healthy_00053_Healthy_146.jpg,0,640,480,test
Healthy,source_clean,/content/drive/MyDrive/Papaya_Leaf_Disease_Classification/prepared_data_v1/Dataset/Healthy/Images/Healthy_00150_Healthy_28.jpg,,/content/drive/MyDrive/Papaya_Leaf_Disease_Classification/BDPapayaLeaf/Original Images/Healthy/Healthy(28).jpg,,Healthy_00150_Healthy_28.jpg,0,640,480,test
Healthy,source_clean,/content/drive/MyDrive/Papaya_Leaf_Disease_Classification/prepared_data_v1/Dataset/Healthy/Images/Healthy_00131_Healthy_216.jpg,,/content/drive/MyDrive/Papaya_Leaf_Disease_Classification/BDPapayaLeaf/Original Images/Healthy/Healthy(216).jpg,,Healthy_00131_Healthy_216.jpg,0,640,480,test
Healthy,source_clean,/content/drive/MyDrive/Papaya_Leaf_Disease_Classification/prepared_data_v1/Dataset/Healthy/Images/Healthy_00152_Healthy_3.jpg,,/content/drive/MyDrive/Papaya_Leaf_Disease_Classification/BDPapayaLeaf/Original Images/Healthy/Healthy(3).jpg,,Healthy_00152_Healthy_3.jpg,0,640,480,test
Healthy,source_clean,/content/drive/MyDrive/Papaya_Leaf_Disease_Classification/prepared_data_v1/Dataset/Healthy/Images/Healthy_00104_Healthy_192.jpg,,/content/drive/MyDrive/Papaya_Leaf_Disease_Classification/BDPapayaLeaf/Original Images/Healthy/Healthy(192).jpg,,Healthy_00104_Healthy_192.jpg,0,640,480,test
Healthy,source_clean,/content/drive/MyDrive/Papaya_Leaf_Disease_Classification/prepared_data_v1/Dataset/Healthy/Images/Healthy_00100_Healthy_189.jpg,,/content/drive/MyDrive/Papaya_Leaf_Disease_Classification/BDPapayaLeaf/Original Images/Healthy/Healthy(189).jpg,,Healthy_00100_Healthy_189.jpg,0,640,480,test
Healthy,source_clean,/content/drive/MyDrive/Papaya_Leaf_Disease_Classification/prepared_data_v1/Dataset/Healthy/Images/Healthy_00117_Healthy_203.jpg,,/content/drive/MyDrive/Papaya_Leaf_Disease_Classification/BDPapayaLeaf/Original Images/Healthy/Healthy(203).jpg,,Healthy_00117_Healthy_203.jpg,0,640,480,test
Healthy,source_clean,/content/drive/MyDrive/Papaya_Leaf_Disease_Classification/prepared_data_v1/Dataset/Healthy/Images/Healthy_00088_Healthy_178.jpg,,/content/drive/MyDrive/Papaya_Leaf_Disease_Classification/BDPapayaLeaf/Original Images/Healthy/Healthy(178).jpg,,Healthy_00088_Healthy_178.jpg,0,640,480,test
Healthy,source_clean,/content/drive/MyDrive/Papaya_Leaf_Disease_Classification/prepared_data_v1/Dataset/Healthy/Images/Healthy_00203_Healthy_76.jpg,,/content/drive/MyDrive/Papaya_Leaf_Disease_Classification/BDPapayaLeaf/Original Images/Healthy/Healthy(76).jpg,,Healthy_00203_Healthy_76.jpg,0,640,480,test
Healthy,source_clean,/content/drive/MyDrive/Papaya_Leaf_Disease_Classification/prepared_data_v1/Dataset/Healthy/Images/Healthy_00075_Healthy_166.jpg,,/content/drive/MyDrive/Papaya_Leaf_Disease_Classification/BDPapayaLeaf/Original Images/Healthy/Healthy(166).jpg,,Healthy_00075_Healthy_166.jpg,0,640,480,test
Healthy,source_clean,/content/drive/MyDrive/Papaya_Leaf_Disease_Classification/prepared_data_v1/Dataset/Healthy/Images/Healthy_00215_Healthy_87.jpg,,/content/drive/MyDrive/Papaya_Leaf_Disease_Classification/BDPapayaLeaf/Original Images/Healthy/Healthy(87).jpg,,Healthy_00215_Healthy_87.jpg,0,640,480,test
Healthy,source_clean,/content/drive/MyDrive/Papaya_Leaf_Disease_Classification/prepared_data_v1/Dataset/Healthy/Images/Healthy_00211_Healthy_83.jpg,,/content/drive/MyDrive/Papaya_Leaf_Disease_Classification/BDPapayaLeaf/Original Images/Healthy/Healthy(83).jpg,,Healthy_00211_Healthy_83.jpg,0,640,480,test
Healthy,source_clean,/content/drive/MyDrive/Papaya_Leaf_Disease_Classification/prepared_data_v1/Dataset/Healthy/Images/Healthy_00122_Healthy_208.jpg,,/content/drive/MyDrive/Papaya_Leaf_Disease_Classification/BDPapayaLeaf/Original Images/Healthy/Healthy(208).jpg,,Healthy_00122_Healthy_208.jpg,0,640,480,test
Healthy,source_clean,/content/drive/MyDrive/Papaya_Leaf_Disease_Classification/prepared_data_v1/Dataset/Healthy/Images/Healthy_00228_Healthy_99.jpg,,/content/drive/MyDrive/Papaya_Leaf_Disease_Classification/BDPapayaLeaf/Original Images/Healthy/Healthy(99).jpg,,Healthy_00228_Healthy_99.jpg,0,640,480,test
Healthy,source_clean,/content/drive/MyDrive/Papaya_Leaf_Disease_Classification/prepared_data_v1/Dataset/Healthy/Images/Healthy_00021_Healthy_117.jpg,,/content/drive/MyDrive/Papaya_Leaf_Disease_Classification/BDPapayaLeaf/Original Images/Healthy/Healthy(117).jpg,,Healthy_00021_Healthy_117.jpg,0,640,480,test
Healthy,source_clean,/content/drive/MyDrive/Papaya_Leaf_Disease_Classification/prepared_data_v1/Dataset/Healthy/Images/Healthy_00189_Healthy_63.jpg,,/content/drive/MyDrive/Papaya_Leaf_Disease_Classification/BDPapayaLeaf/Original Images/Healthy/Healthy(63).jpg,,Healthy_00189_Healthy_63.jpg,0,640,480,test
Healthy,source_clean,/content/drive/MyDrive/Papaya_Leaf_Disease_Classification/prepared_data_v1/Dataset/Healthy/Images/Healthy_00072_Healthy_163.jpg,,/content/drive/MyDrive/Papaya_Leaf_Disease_Classification/BDPapayaLeaf/Original Images/Healthy/Healthy(163).jpg,,Healthy_00072_Healthy_163.jpg,0,640,480,test
Healthy,source_clean,/content/drive/MyDrive/Papaya_Leaf_Disease_Classification/prepared_data_v1/Dataset/Healthy/Images/Healthy_00107_Healthy_195.jpg,,/content/drive/MyDrive/Papaya_Leaf_Disease_Classification/BDPapayaLeaf/Original Images/Healthy/Healthy(195).jpg,,Healthy_00107_Healthy_195.jpg,0,640,480,test
Healthy,source_clean,/content/drive/MyDrive/Papaya_Leaf_Disease_Classification/prepared_data_v1/Dataset/Healthy/Images/Healthy_00015_Healthy_111.jpg,,/content/drive/MyDrive/Papaya_Leaf_Disease_Classification/BDPapayaLeaf/Original Images/Healthy/Healthy(111).jpg,,Healthy_00015_Healthy_111.jpg,0,640,480,test
Healthy,source_clean,/content/drive/MyDrive/Papaya_Leaf_Disease_Classification/prepared_data_v1/Dataset/Healthy/Images/Healthy_00093_Healthy_182.jpg,,/content/drive/MyDrive/Papaya_Leaf_Disease_Classification/BDPapayaLeaf/Original Images/Healthy/Healthy(182).jpg,,Healthy_00093_Healthy_182.jpg,0,640,480,test
Healthy,source_clean,/content/drive/MyDrive/Papaya_Leaf_Disease_Classification/prepared_data_v1/Dataset/Healthy/Images/Healthy_00180_Healthy_55.jpg,,/content/drive/MyDrive/Papaya_Leaf_Disease_Classification/BDPapayaLeaf/Original Images/Healthy/Healthy(55).jpg,,Healthy_00180_Healthy_55.jpg,0,640,480,test
Healthy,source_clean,/content/drive/MyDrive/Papaya_Leaf_Disease_Classification/prepared_data_v1/Dataset/Healthy/Images/Healthy_00103_Healthy_191.jpg,,/content/drive/MyDrive/Papaya_Leaf_Disease_Classification/BDPapayaLeaf/Original Images/Healthy/Healthy(191).jpg,,Healthy_00103_Healthy_191.jpg,0,640,480,test
