issue_type,canonical_class,split,image_path,label_path,detail
crop_too_small,Anthracnose,train,/content/drive/MyDrive/Papaya_Leaf_Disease_Classification/prepared_data_v1/Dataset/Anthracnose/Images/Anthracnose_00308_Anthracnose_56.jpg,/content/drive/MyDrive/Papaya_Leaf_Disease_Classification/prepared_data_v1/Dataset/Anthracnose/Labels/Anthracnose_00308_Anthracnose_56.txt,"crop_size=(11,7)"
crop_too_small,RingSpot,train,/content/drive/MyDrive/Papaya_Leaf_Disease_Classification/prepared_data_v1/Dataset/RingSpot/Images/RingSpot_00122_RingSpot_208.jpg,/content/drive/MyDrive/Papaya_Leaf_Disease_Classification/prepared_data_v1/Dataset/RingSpot/Labels/RingSpot_00122_RingSpot_208.txt,"crop_size=(22,7)"
crop_too_small,Anthracnose,train,/content/drive/MyDrive/Papaya_Leaf_Disease_Classification/prepared_data_v1/Dataset/Anthracnose/Images/Anthracnose_00153_Anthracnose_236.jpg,/content/drive/MyDrive/Papaya_Leaf_Disease_Classification/prepared_data_v1/Dataset/Anthracnose/Labels/Anthracnose_00153_Anthracnose_236.txt,"crop_size=(7,8)"
crop_too_small,Anthracnose,train,/content/drive/MyDrive/Papaya_Leaf_Disease_Classification/prepared_data_v1/Dataset/Anthracnose/Images/Anthracnose_00229_Anthracnose_304.jpg,/content/drive/MyDrive/Papaya_Leaf_Disease_Classification/prepared_data_v1/Dataset/Anthracnose/Labels/Anthracnose_00229_Anthracnose_304.txt,"crop_size=(7,7)"
crop_too_small,Anthracnose,train,/content/drive/MyDrive/Papaya_Leaf_Disease_Classification/prepared_data_v1/Dataset/Anthracnose/Images/Anthracnose_00347_Anthracnose_91.jpg,/content/drive/MyDrive/Papaya_Leaf_Disease_Classification/prepared_data_v1/Dataset/Anthracnose/Labels/Anthracnose_00347_Anthracnose_91.txt,"crop_size=(7,8)"
crop_too_small,Anthracnose,train,/content/drive/MyDrive/Papaya_Leaf_Disease_Classification/prepared_data_v1/Dataset/Anthracnose/Images/Anthracnose_00110_Anthracnose_198.jpg,/content/drive/MyDrive/Papaya_Leaf_Disease_Classification/prepared_data_v1/Dataset/Anthracnose/Labels/Anthracnose_00110_Anthracnose_198.txt,"crop_size=(11,7)"
crop_too_small,Anthracnose,train,/content/drive/MyDrive/Papaya_Leaf_Disease_Classification/prepared_data_v1/Dataset/Anthracnose/Images/Anthracnose_00004_Anthracnose_101.jpg,/content/drive/MyDrive/Papaya_Leaf_Disease_Classification/prepared_data_v1/Dataset/Anthracnose/Labels/Anthracnose_00004_Anthracnose_101.txt,"crop_size=(7,8)"
crop_too_small,Anthracnose,train,/content/drive/MyDrive/Papaya_Leaf_Disease_Classification/prepared_data_v1/Dataset/Anthracnose/Images/Anthracnose_00184_Anthracnose_264.jpg,/content/drive/MyDrive/Papaya_Leaf_Disease_Classification/prepared_data_v1/Dataset/Anthracnose/Labels/Anthracnose_00184_Anthracnose_264.txt,"crop_size=(10,7)"
crop_too_small,Anthracnose,train,/content/drive/MyDrive/Papaya_Leaf_Disease_Classification/prepared_data_v1/Dataset/Anthracnose/Images/Anthracnose_00184_Anthracnose_264.jpg,/content/drive/MyDrive/Papaya_Leaf_Disease_Classification/prepared_data_v1/Dataset/Anthracnose/Labels/Anthracnose_00184_Anthracnose_264.txt,"crop_size=(6,6)"
crop_too_small,Anthracnose,train,/content/drive/MyDrive/Papaya_Leaf_Disease_Classification/prepared_data_v1/Dataset/Anthracnose/Images/Anthracnose_00079_Anthracnose_17.jpg,/content/drive/MyDrive/Papaya_Leaf_Disease_Classification/prepared_data_v1/Dataset/Anthracnose/Labels/Anthracnose_00079_Anthracnose_17.txt,"crop_size=(10,4)"
crop_too_small,Anthracnose,train,/content/drive/MyDrive/Papaya_Leaf_Disease_Classification/prepared_data_v1/Dataset/Anthracnose/Images/Anthracnose_00079_Anthracnose_17.jpg,/content/drive/MyDrive/Papaya_Leaf_Disease_Classification/prepared_data_v1/Dataset/Anthracnose/Labels/Anthracnose_00079_Anthracnose_17.txt,"crop_size=(7,7)"
crop_too_small,Anthracnose,train,/content/drive/MyDrive/Papaya_Leaf_Disease_Classification/prepared_data_v1/Dataset/Anthracnose/Images/Anthracnose_00079_Anthracnose_17.jpg,/content/drive/MyDrive/Papaya_Leaf_Disease_Classification/prepared_data_v1/Dataset/Anthracnose/Labels/Anthracnose_00079_Anthracnose_17.txt,"crop_size=(7,7)"
crop_too_small,RingSpot,train,/content/drive/MyDrive/Papaya_Leaf_Disease_Classification/prepared_data_v1/Dataset/RingSpot/Images/RingSpot_00241_RingSpot_315.jpg,/content/drive/MyDrive/Papaya_Leaf_Disease_Classification/prepared_data_v1/Dataset/RingSpot/Labels/RingSpot_00241_RingSpot_315.txt,"crop_size=(5,20)"
crop_too_small,RingSpot,train,/content/drive/MyDrive/Papaya_Leaf_Disease_Classification/prepared_data_v1/Dataset/RingSpot/Images/RingSpot_00003_RingSpot_100.jpg,/content/drive/MyDrive/Papaya_Leaf_Disease_Classification/prepared_data_v1/Dataset/RingSpot/Labels/RingSpot_00003_RingSpot_100.txt,"crop_size=(12,6)"
crop_too_small,Anthracnose,train,/content/drive/MyDrive/Papaya_Leaf_Disease_Classification/prepared_data_v1/Dataset/Anthracnose/Images/Anthracnose_00251_Anthracnose_324.jpg,/content/drive/MyDrive/Papaya_Leaf_Disease_Classification/prepared_data_v1/Dataset/Anthracnose/Labels/Anthracnose_00251_Anthracnose_324.txt,"crop_size=(8,7)"
crop_too_small,Anthracnose,train,/content/drive/MyDrive/Papaya_Leaf_Disease_Classification/prepared_data_v1/Dataset/Anthracnose/Images/Anthracnose_00005_Anthracnose_102.jpg,/content/drive/MyDrive/Papaya_Leaf_Disease_Classification/prepared_data_v1/Dataset/Anthracnose/Labels/Anthracnose_00005_Anthracnose_102.txt,"crop_size=(8,7)"
crop_too_small,Anthracnose,train,/content/drive/MyDrive/Papaya_Leaf_Disease_Classification/prepared_data_v1/Dataset/Anthracnose/Images/Anthracnose_00352_Anthracnose_96.jpg,/content/drive/MyDrive/Papaya_Leaf_Disease_Classification/prepared_data_v1/Dataset/Anthracnose/Labels/Anthracnose_00352_Anthracnose_96.txt,"crop_size=(10,7)"
crop_too_small,Anthracnose,train,/content/drive/MyDrive/Papaya_Leaf_Disease_Classification/prepared_data_v1/Dataset/Anthracnose/Images/Anthracnose_00047_Anthracnose_140.jpg,/content/drive/MyDrive/Papaya_Leaf_Disease_Classification/prepared_data_v1/Dataset/Anthracnose/Labels/Anthracnose_00047_Anthracnose_140.txt,"crop_size=(8,7)"
crop_too_small,Anthracnose,train,/content/drive/MyDrive/Papaya_Leaf_Disease_Classification/prepared_data_v1/Dataset/Anthracnose/Images/Anthracnose_00047_Anthracnose_140.jpg,/content/drive/MyDrive/Papaya_Leaf_Disease_Classification/prepared_data_v1/Dataset/Anthracnose/Labels/Anthracnose_00047_Anthracnose_140.txt,"crop_size=(7,7)"
crop_too_small,Anthracnose,train,/content/drive/MyDrive/Papaya_Leaf_Disease_Classification/prepared_data_v1/Dataset/Anthracnose/Images/Anthracnose_00209_Anthracnose_287.jpg,/content/drive/MyDrive/Papaya_Leaf_Disease_Classification/prepared_data_v1/Dataset/Anthracnose/Labels/Anthracnose_00209_Anthracnose_287.txt,"crop_size=(9,7)"
crop_too_small,Anthracnose,train,/content/drive/MyDrive/Papaya_Leaf_Disease_Classification/prepared_data_v1/Dataset/Anthracnose/Images/Anthracnose_00209_Anthracnose_287.jpg,/content/drive/MyDrive/Papaya_Leaf_Disease_Classification/prepared_data_v1/Dataset/Anthracnose/Labels/Anthracnose_00209_Anthracnose_287.txt,"crop_size=(8,7)"
crop_too_small,Anthracnose,train,/content/drive/MyDrive/Papaya_Leaf_Disease_Classification/prepared_data_v1/Dataset/Anthracnose/Images/Anthracnose_00209_Anthracnose_287.jpg,/content/drive/MyDrive/Papaya_Leaf_Disease_Classification/prepared_data_v1/Dataset/Anthracnose/Labels/Anthracnose_00209_Anthracnose_287.txt,"crop_size=(8,7)"
crop_too_small,Anthracnose,train,/content/drive/MyDrive/Papaya_Leaf_Disease_Classification/prepared_data_v1/Dataset/Anthracnose/Images/Anthracnose_00068_Anthracnose_16.jpg,/content/drive/MyDrive/Papaya_Leaf_Disease_Classification/prepared_data_v1/Dataset/Anthracnose/Labels/Anthracnose_00068_Anthracnose_16.txt,"crop_size=(7,8)"
crop_too_small,Anthracnose,train,/content/drive/MyDrive/Papaya_Leaf_Disease_Classification/prepared_data_v1/Dataset/Anthracnose/Images/Anthracnose_00068_Anthracnose_16.jpg,/content/drive/MyDrive/Papaya_Leaf_Disease_Classification/prepared_data_v1/Dataset/Anthracnose/Labels/Anthracnose_00068_Anthracnose_16.txt,"crop_size=(8,7)"
crop_too_small,Anthracnose,train,/content/drive/MyDrive/Papaya_Leaf_Disease_Classification/prepared_data_v1/Dataset/Anthracnose/Images/Anthracnose_00068_Anthracnose_16.jpg,/content/drive/MyDrive/Papaya_Leaf_Disease_Classification/prepared_data_v1/Dataset/Anthracnose/Labels/Anthracnose_00068_Anthracnose_16.txt,"crop_size=(7,7)"
crop_too_small,Anthracnose,train,/content/drive/MyDrive/Papaya_Leaf_Disease_Classification/prepared_data_v1/Dataset/Anthracnose/Images/Anthracnose_00068_Anthracnose_16.jpg,/content/drive/MyDrive/Papaya_Leaf_Disease_Classification/prepared_data_v1/Dataset/Anthracnose/Labels/Anthracnose_00068_Anthracnose_16.txt,"crop_size=(7,8)"
crop_too_small,Anthracnose,train,/content/drive/MyDrive/Papaya_Leaf_Disease_Classification/prepared_data_v1/Dataset/Anthracnose/Images/Anthracnose_00224_Anthracnose_30.jpg,/content/drive/MyDrive/Papaya_Leaf_Disease_Classification/prepared_data_v1/Dataset/Anthracnose/Labels/Anthracnose_00224_Anthracnose_30.txt,"crop_size=(7,12)"
crop_too_small,Anthracnose,train,/content/drive/MyDrive/Papaya_Leaf_Disease_Classification/prepared_data_v1/Dataset/Anthracnose/Images/Anthracnose_00224_Anthracnose_30.jpg,/content/drive/MyDrive/Papaya_Leaf_Disease_Classification/prepared_data_v1/Dataset/Anthracnose/Labels/Anthracnose_00224_Anthracnose_30.txt,"crop_size=(8,7)"
crop_too_small,Anthracnose,train,/content/drive/MyDrive/Papaya_Leaf_Disease_Classification/prepared_data_v1/Dataset/Anthracnose/Images/Anthracnose_00224_Anthracnose_30.jpg,/content/drive/MyDrive/Papaya_Leaf_Disease_Classification/prepared_data_v1/Dataset/Anthracnose/Labels/Anthracnose_00224_Anthracnose_30.txt,"crop_size=(8,7)"
crop_too_small,Anthracnose,train,/content/drive/MyDrive/Papaya_Leaf_Disease_Classification/prepared_data_v1/Dataset/Anthracnose/Images/Anthracnose_00224_Anthracnose_30.jpg,/content/drive/MyDrive/Papaya_Leaf_Disease_Classification/prepared_data_v1/Dataset/Anthracnose/Labels/Anthracnose_00224_Anthracnose_30.txt,"crop_size=(12,7)"
crop_too_small,Anthracnose,train,/content/drive/MyDrive/Papaya_Leaf_Disease_Classification/prepared_data_v1/Dataset/Anthracnose/Images/Anthracnose_00224_Anthracnose_30.jpg,/content/drive/MyDrive/Papaya_Leaf_Disease_Classification/prepared_data_v1/Dataset/Anthracnose/Labels/Anthracnose_00224_Anthracnose_30.txt,"crop_size=(7,8)"
crop_too_small,Anthracnose,train,/content/drive/MyDrive/Papaya_Leaf_Disease_Classification/prepared_data_v1/Dataset/Anthracnose/Images/Anthracnose_00246_Anthracnose_32.jpg,/content/drive/MyDrive/Papaya_Leaf_Disease_Classification/prepared_data_v1/Dataset/Anthracnose/Labels/Anthracnose_00246_Anthracnose_32.txt,"crop_size=(7,8)"
crop_too_small,Anthracnose,train,/content/drive/MyDrive/Papaya_Leaf_Disease_Classification/prepared_data_v1/Dataset/Anthracnose/Images/Anthracnose_00235_Anthracnose_31.jpg,/content/drive/MyDrive/Papaya_Leaf_Disease_Classification/prepared_data_v1/Dataset/Anthracnose/Labels/Anthracnose_00235_Anthracnose_31.txt,"crop_size=(8,7)"
crop_too_small,Anthracnose,train,/content/drive/MyDrive/Papaya_Leaf_Disease_Classification/prepared_data_v1/Dataset/Anthracnose/Images/Anthracnose_00207_Anthracnose_285.jpg,/content/drive/MyDrive/Papaya_Leaf_Disease_Classification/prepared_data_v1/Dataset/Anthracnose/Labels/Anthracnose_00207_Anthracnose_285.txt,"crop_size=(8,7)"
crop_too_small,Anthracnose,train,/content/drive/MyDrive/Papaya_Leaf_Disease_Classification/prepared_data_v1/Dataset/Anthracnose/Images/Anthracnose_00228_Anthracnose_303.jpg,/content/drive/MyDrive/Papaya_Leaf_Disease_Classification/prepared_data_v1/Dataset/Anthracnose/Labels/Anthracnose_00228_Anthracnose_303.txt,"crop_size=(8,7)"
crop_too_small,Anthracnose,train,/content/drive/MyDrive/Papaya_Leaf_Disease_Classification/prepared_data_v1/Dataset/Anthracnose/Images/Anthracnose_00301_Anthracnose_5.jpg,/content/drive/MyDrive/Papaya_Leaf_Disease_Classification/prepared_data_v1/Dataset/Anthracnose/Labels/Anthracnose_00301_Anthracnose_5.txt,"crop_size=(12,7)"
crop_too_small,RingSpot,train,/content/drive/MyDrive/Papaya_Leaf_Disease_Classification/prepared_data_v1/Dataset/RingSpot/Images/RingSpot_00294_RingSpot_363.jpg,/content/drive/MyDrive/Papaya_Leaf_Disease_Classification/prepared_data_v1/Dataset/RingSpot/Labels/RingSpot_00294_RingSpot_363.txt,"crop_size=(6,11)"
crop_too_small,RingSpot,train,/content/drive/MyDrive/Papaya_Leaf_Disease_Classification/prepared_data_v1/Dataset/RingSpot/Images/RingSpot_00294_RingSpot_363.jpg,/content/drive/MyDrive/Papaya_Leaf_Disease_Classification/prepared_data_v1/Dataset/RingSpot/Labels/RingSpot_00294_RingSpot_363.txt,"crop_size=(4,17)"
crop_too_small,Anthracnose,train,/content/drive/MyDrive/Papaya_Leaf_Disease_Classification/prepared_data_v1/Dataset/Anthracnose/Images/Anthracnose_00255_Anthracnose_328.jpg,/content/drive/MyDrive/Papaya_Leaf_Disease_Classification/prepared_data_v1/Dataset/Anthracnose/Labels/Anthracnose_00255_Anthracnose_328.txt,"crop_size=(6,8)"
crop_too_small,Anthracnose,train,/content/drive/MyDrive/Papaya_Leaf_Disease_Classification/prepared_data_v1/Dataset/Anthracnose/Images/Anthracnose_00225_Anthracnose_300.jpg,/content/drive/MyDrive/Papaya_Leaf_Disease_Classification/prepared_data_v1/Dataset/Anthracnose/Labels/Anthracnose_00225_Anthracnose_300.txt,"crop_size=(11,7)"
crop_too_small,RingSpot,train,/content/drive/MyDrive/Papaya_Leaf_Disease_Classification/prepared_data_v1/Dataset/RingSpot/Images/RingSpot_00372_RingSpot_433.jpg,/content/drive/MyDrive/Papaya_Leaf_Disease_Classification/prepared_data_v1/Dataset/RingSpot/Labels/RingSpot_00372_RingSpot_433.txt,"crop_size=(7,8)"
crop_too_small,RingSpot,train,/content/drive/MyDrive/Papaya_Leaf_Disease_Classification/prepared_data_v1/Dataset/RingSpot/Images/RingSpot_00372_RingSpot_433.jpg,/content/drive/MyDrive/Papaya_Leaf_Disease_Classification/prepared_data_v1/Dataset/RingSpot/Labels/RingSpot_00372_RingSpot_433.txt,"crop_size=(6,8)"
crop_too_small,Anthracnose,train,/content/drive/MyDrive/Papaya_Leaf_Disease_Classification/prepared_data_v1/Dataset/Anthracnose/Images/Anthracnose_00137_Anthracnose_221.jpg,/content/drive/MyDrive/Papaya_Leaf_Disease_Classification/prepared_data_v1/Dataset/Anthracnose/Labels/Anthracnose_00137_Anthracnose_221.txt,"crop_size=(10,6)"
crop_too_small,Anthracnose,train,/content/drive/MyDrive/Papaya_Leaf_Disease_Classification/prepared_data_v1/Dataset/Anthracnose/Images/Anthracnose_00174_Anthracnose_255.jpg,/content/drive/MyDrive/Papaya_Leaf_Disease_Classification/prepared_data_v1/Dataset/Anthracnose/Labels/Anthracnose_00174_Anthracnose_255.txt,"crop_size=(7,9)"
crop_too_small,RingSpot,train,/content/drive/MyDrive/Papaya_Leaf_Disease_Classification/prepared_data_v1/Dataset/RingSpot/Images/RingSpot_00283_RingSpot_353.jpg,/content/drive/MyDrive/Papaya_Leaf_Disease_Classification/prepared_data_v1/Dataset/RingSpot/Labels/RingSpot_00283_RingSpot_353.txt,"crop_size=(6,12)"
crop_too_small,RingSpot,train,/content/drive/MyDrive/Papaya_Leaf_Disease_Classification/prepared_data_v1/Dataset/RingSpot/Images/RingSpot_00299_RingSpot_368.jpg,/content/drive/MyDrive/Papaya_Leaf_Disease_Classification/prepared_data_v1/Dataset/RingSpot/Labels/RingSpot_00299_RingSpot_368.txt,"crop_size=(10,7)"
crop_too_small,RingSpot,train,/content/drive/MyDrive/Papaya_Leaf_Disease_Classification/prepared_data_v1/Dataset/RingSpot/Images/RingSpot_00299_RingSpot_368.jpg,/content/drive/MyDrive/Papaya_Leaf_Disease_Classification/prepared_data_v1/Dataset/RingSpot/Labels/RingSpot_00299_RingSpot_368.txt,"crop_size=(7,7)"
crop_too_small,RingSpot,train,/content/drive/MyDrive/Papaya_Leaf_Disease_Classification/prepared_data_v1/Dataset/RingSpot/Images/RingSpot_00299_RingSpot_368.jpg,/content/drive/MyDrive/Papaya_Leaf_Disease_Classification/prepared_data_v1/Dataset/RingSpot/Labels/RingSpot_00299_RingSpot_368.txt,"crop_size=(15,7)"
crop_too_small,Anthracnose,train,/content/drive/MyDrive/Papaya_Leaf_Disease_Classification/prepared_data_v1/Dataset/Anthracnose/Images/Anthracnose_00095_Anthracnose_184.jpg,/content/drive/MyDrive/Papaya_Leaf_Disease_Classification/prepared_data_v1/Dataset/Anthracnose/Labels/Anthracnose_00095_Anthracnose_184.txt,"crop_size=(7,10)"
crop_too_small,Anthracnose,train,/content/drive/MyDrive/Papaya_Leaf_Disease_Classification/prepared_data_v1/Dataset/Anthracnose/Images/Anthracnose_00017_Anthracnose_113.jpg,/content/drive/MyDrive/Papaya_Leaf_Disease_Classification/prepared_data_v1/Dataset/Anthracnose/Labels/Anthracnose_00017_Anthracnose_113.txt,"crop_size=(7,7)"
crop_too_small,Anthracnose,train,/content/drive/MyDrive/Papaya_Leaf_Disease_Classification/prepared_data_v1/Dataset/Anthracnose/Images/Anthracnose_00017_Anthracnose_113.jpg,/content/drive/MyDrive/Papaya_Leaf_Disease_Classification/prepared_data_v1/Dataset/Anthracnose/Labels/Anthracnose_00017_Anthracnose_113.txt,"crop_size=(8,7)"
crop_too_small,RingSpot,val,/content/drive/MyDrive/Papaya_Leaf_Disease_Classification/prepared_data_v1/Dataset/RingSpot/Images/RingSpot_00286_RingSpot_356.jpg,/content/drive/MyDrive/Papaya_Leaf_Disease_Classification/prepared_data_v1/Dataset/RingSpot/Labels/RingSpot_00286_RingSpot_356.txt,"crop_size=(4,24)"
crop_too_small,RingSpot,val,/content/drive/MyDrive/Papaya_Leaf_Disease_Classification/prepared_data_v1/Dataset/RingSpot/Images/RingSpot_00081_RingSpot_171.jpg,/content/drive/MyDrive/Papaya_Leaf_Disease_Classification/prepared_data_v1/Dataset/RingSpot/Labels/RingSpot_00081_RingSpot_171.txt,"crop_size=(21,7)"
crop_too_small,Anthracnose,val,/content/drive/MyDrive/Papaya_Leaf_Disease_Classification/prepared_data_v1/Dataset/Anthracnose/Images/Anthracnose_00099_Anthracnose_188.jpg,/content/drive/MyDrive/Papaya_Leaf_Disease_Classification/prepared_data_v1/Dataset/Anthracnose/Labels/Anthracnose_00099_Anthracnose_188.txt,"crop_size=(8,7)"
crop_too_small,Anthracnose,val,/content/drive/MyDrive/Papaya_Leaf_Disease_Classification/prepared_data_v1/Dataset/Anthracnose/Images/Anthracnose_00099_Anthracnose_188.jpg,/content/drive/MyDrive/Papaya_Leaf_Disease_Classification/prepared_data_v1/Dataset/Anthracnose/Labels/Anthracnose_00099_Anthracnose_188.txt,"crop_size=(10,7)"
crop_too_small,Anthracnose,val,/content/drive/MyDrive/Papaya_Leaf_Disease_Classification/prepared_data_v1/Dataset/Anthracnose/Images/Anthracnose_00192_Anthracnose_271.jpg,/content/drive/MyDrive/Papaya_Leaf_Disease_Classification/prepared_data_v1/Dataset/Anthracnose/Labels/Anthracnose_00192_Anthracnose_271.txt,"crop_size=(8,7)"
crop_too_small,Anthracnose,val,/content/drive/MyDrive/Papaya_Leaf_Disease_Classification/prepared_data_v1/Dataset/Anthracnose/Images/Anthracnose_00192_Anthracnose_271.jpg,/content/drive/MyDrive/Papaya_Leaf_Disease_Classification/prepared_data_v1/Dataset/Anthracnose/Labels/Anthracnose_00192_Anthracnose_271.txt,"crop_size=(11,7)"
crop_too_small,Anthracnose,val,/content/drive/MyDrive/Papaya_Leaf_Disease_Classification/prepared_data_v1/Dataset/Anthracnose/Images/Anthracnose_00192_Anthracnose_271.jpg,/content/drive/MyDrive/Papaya_Leaf_Disease_Classification/prepared_data_v1/Dataset/Anthracnose/Labels/Anthracnose_00192_Anthracnose_271.txt,"crop_size=(9,7)"
crop_too_small,Anthracnose,val,/content/drive/MyDrive/Papaya_Leaf_Disease_Classification/prepared_data_v1/Dataset/Anthracnose/Images/Anthracnose_00192_Anthracnose_271.jpg,/content/drive/MyDrive/Papaya_Leaf_Disease_Classification/prepared_data_v1/Dataset/Anthracnose/Labels/Anthracnose_00192_Anthracnose_271.txt,"crop_size=(8,7)"
crop_too_small,Anthracnose,val,/content/drive/MyDrive/Papaya_Leaf_Disease_Classification/prepared_data_v1/Dataset/Anthracnose/Images/Anthracnose_00192_Anthracnose_271.jpg,/content/drive/MyDrive/Papaya_Leaf_Disease_Classification/prepared_data_v1/Dataset/Anthracnose/Labels/Anthracnose_00192_Anthracnose_271.txt,"crop_size=(9,7)"
crop_too_small,Anthracnose,val,/content/drive/MyDrive/Papaya_Leaf_Disease_Classification/prepared_data_v1/Dataset/Anthracnose/Images/Anthracnose_00324_Anthracnose_70.jpg,/content/drive/MyDrive/Papaya_Leaf_Disease_Classification/prepared_data_v1/Dataset/Anthracnose/Labels/Anthracnose_00324_Anthracnose_70.txt,"crop_size=(7,8)"
crop_too_small,Anthracnose,val,/content/drive/MyDrive/Papaya_Leaf_Disease_Classification/prepared_data_v1/Dataset/Anthracnose/Images/Anthracnose_00191_Anthracnose_270.jpg,/content/drive/MyDrive/Papaya_Leaf_Disease_Classification/prepared_data_v1/Dataset/Anthracnose/Labels/Anthracnose_00191_Anthracnose_270.txt,"crop_size=(9,7)"
crop_too_small,Anthracnose,val,/content/drive/MyDrive/Papaya_Leaf_Disease_Classification/prepared_data_v1/Dataset/Anthracnose/Images/Anthracnose_00219_Anthracnose_296.jpg,/content/drive/MyDrive/Papaya_Leaf_Disease_Classification/prepared_data_v1/Dataset/Anthracnose/Labels/Anthracnose_00219_Anthracnose_296.txt,"crop_size=(8,7)"
crop_too_small,Anthracnose,test,/content/drive/MyDrive/Papaya_Leaf_Disease_Classification/prepared_data_v1/Dataset/Anthracnose/Images/Anthracnose_00009_Anthracnose_106.jpg,/content/drive/MyDrive/Papaya_Leaf_Disease_Classification/prepared_data_v1/Dataset/Anthracnose/Labels/Anthracnose_00009_Anthracnose_106.txt,"crop_size=(10,7)"
crop_too_small,Anthracnose,test,/content/drive/MyDrive/Papaya_Leaf_Disease_Classification/prepared_data_v1/Dataset/Anthracnose/Images/Anthracnose_00009_Anthracnose_106.jpg,/content/drive/MyDrive/Papaya_Leaf_Disease_Classification/prepared_data_v1/Dataset/Anthracnose/Labels/Anthracnose_00009_Anthracnose_106.txt,"crop_size=(8,7)"
crop_too_small,Anthracnose,test,/content/drive/MyDrive/Papaya_Leaf_Disease_Classification/prepared_data_v1/Dataset/Anthracnose/Images/Anthracnose_00346_Anthracnose_90.jpg,/content/drive/MyDrive/Papaya_Leaf_Disease_Classification/prepared_data_v1/Dataset/Anthracnose/Labels/Anthracnose_00346_Anthracnose_90.txt,"crop_size=(7,7)"
crop_too_small,Anthracnose,test,/content/drive/MyDrive/Papaya_Leaf_Disease_Classification/prepared_data_v1/Dataset/Anthracnose/Images/Anthracnose_00131_Anthracnose_216.jpg,/content/drive/MyDrive/Papaya_Leaf_Disease_Classification/prepared_data_v1/Dataset/Anthracnose/Labels/Anthracnose_00131_Anthracnose_216.txt,"crop_size=(11,7)"
crop_too_small,Anthracnose,test,/content/drive/MyDrive/Papaya_Leaf_Disease_Classification/prepared_data_v1/Dataset/Anthracnose/Images/Anthracnose_00131_Anthracnose_216.jpg,/content/drive/MyDrive/Papaya_Leaf_Disease_Classification/prepared_data_v1/Dataset/Anthracnose/Labels/Anthracnose_00131_Anthracnose_216.txt,"crop_size=(10,6)"
crop_too_small,Anthracnose,test,/content/drive/MyDrive/Papaya_Leaf_Disease_Classification/prepared_data_v1/Dataset/Anthracnose/Images/Anthracnose_00131_Anthracnose_216.jpg,/content/drive/MyDrive/Papaya_Leaf_Disease_Classification/prepared_data_v1/Dataset/Anthracnose/Labels/Anthracnose_00131_Anthracnose_216.txt,"crop_size=(7,18)"
crop_too_small,Anthracnose,test,/content/drive/MyDrive/Papaya_Leaf_Disease_Classification/prepared_data_v1/Dataset/Anthracnose/Images/Anthracnose_00131_Anthracnose_216.jpg,/content/drive/MyDrive/Papaya_Leaf_Disease_Classification/prepared_data_v1/Dataset/Anthracnose/Labels/Anthracnose_00131_Anthracnose_216.txt,"crop_size=(7,10)"
crop_too_small,Anthracnose,test,/content/drive/MyDrive/Papaya_Leaf_Disease_Classification/prepared_data_v1/Dataset/Anthracnose/Images/Anthracnose_00323_Anthracnose_7.jpg,/content/drive/MyDrive/Papaya_Leaf_Disease_Classification/prepared_data_v1/Dataset/Anthracnose/Labels/Anthracnose_00323_Anthracnose_7.txt,"crop_size=(11,7)"
crop_too_small,Anthracnose,test,/content/drive/MyDrive/Papaya_Leaf_Disease_Classification/prepared_data_v1/Dataset/Anthracnose/Images/Anthracnose_00201_Anthracnose_28.jpg,/content/drive/MyDrive/Papaya_Leaf_Disease_Classification/prepared_data_v1/Dataset/Anthracnose/Labels/Anthracnose_00201_Anthracnose_28.txt,"crop_size=(9,7)"
crop_too_small,Anthracnose,test,/content/drive/MyDrive/Papaya_Leaf_Disease_Classification/prepared_data_v1/Dataset/Anthracnose/Images/Anthracnose_00136_Anthracnose_220.jpg,/content/drive/MyDrive/Papaya_Leaf_Disease_Classification/prepared_data_v1/Dataset/Anthracnose/Labels/Anthracnose_00136_Anthracnose_220.txt,"crop_size=(8,7)"
crop_too_small,Anthracnose,test,/content/drive/MyDrive/Papaya_Leaf_Disease_Classification/prepared_data_v1/Dataset/Anthracnose/Images/Anthracnose_00208_Anthracnose_286.jpg,/content/drive/MyDrive/Papaya_Leaf_Disease_Classification/prepared_data_v1/Dataset/Anthracnose/Labels/Anthracnose_00208_Anthracnose_286.txt,"crop_size=(9,7)"
crop_too_small,Anthracnose,test,/content/drive/MyDrive/Papaya_Leaf_Disease_Classification/prepared_data_v1/Dataset/Anthracnose/Images/Anthracnose_00189_Anthracnose_269.jpg,/content/drive/MyDrive/Papaya_Leaf_Disease_Classification/prepared_data_v1/Dataset/Anthracnose/Labels/Anthracnose_00189_Anthracnose_269.txt,"crop_size=(7,6)"
crop_too_small,Anthracnose,test,/content/drive/MyDrive/Papaya_Leaf_Disease_Classification/prepared_data_v1/Dataset/Anthracnose/Images/Anthracnose_00189_Anthracnose_269.jpg,/content/drive/MyDrive/Papaya_Leaf_Disease_Classification/prepared_data_v1/Dataset/Anthracnose/Labels/Anthracnose_00189_Anthracnose_269.txt,"crop_size=(9,6)"
crop_too_small,Anthracnose,test,/content/drive/MyDrive/Papaya_Leaf_Disease_Classification/prepared_data_v1/Dataset/Anthracnose/Images/Anthracnose_00189_Anthracnose_269.jpg,/content/drive/MyDrive/Papaya_Leaf_Disease_Classification/prepared_data_v1/Dataset/Anthracnose/Labels/Anthracnose_00189_Anthracnose_269.txt,"crop_size=(7,13)"
